model,horizon,bin_low,bin_high,mean_forecast,observed_rate,n
DampedPriorOnly,1,0.1,0.2,0.12180586469984502,0.1338053890724354,120466
DampedPriorOnly,3,0.1,0.2,0.12247191436521995,0.13388603807645377,119654
DampedPriorOnly,7,0.1,0.2,0.124370771869432,0.13429440461044595,118687
LSTM,1,0.0,0.1,0.004596269577058523,0.005643909193907096,95324
LSTM,1,0.1,0.2,0.14658006192221296,0.17765733212887685,3321
LSTM,1,0.2,0.30000000000000004,0.24739522679455384,0.2738938053097345,2260
LSTM,1,0.30000000000000004,0.4,0.3475997570885197,0.3582089552238806,1876
LSTM,1,0.4,0.5,0.4485631554377009,0.4340659340659341,1820
LSTM,1,0.5,0.6000000000000001,0.5502408285338937,0.5349344978165939,1832
LSTM,1,0.6000000000000001,0.7000000000000001,0.6506668435229331,0.6241713411524732,1961
LSTM,1,0.7000000000000001,0.8,0.7513148823652519,0.7428571428571429,2310
LSTM,1,0.8,0.9,0.8534716412571403,0.8312605042016806,2975
LSTM,1,0.9,1.0,0.9618169122092181,0.9602180639457787,6787
LSTM,3,0.0,0.1,0.006765691178342783,0.007186813664731337,91974
LSTM,3,0.1,0.2,0.14550771285034955,0.17855570233377366,4542
LSTM,3,0.2,0.30000000000000004,0.24812551667691804,0.2711038961038961,3080
LSTM,3,0.30000000000000004,0.4,0.34917920497367433,0.3902993558165972,2639
LSTM,3,0.4,0.5,0.4496018151261102,0.48085631947303414,2429
LSTM,3,0.5,0.6000000000000001,0.5497018349366035,0.5637994292702813,2453
LSTM,3,0.6000000000000001,0.7000000000000001,0.6502208442200289,0.6444610778443114,2672
LSTM,3,0.7000000000000001,0.8,0.7509110476940755,0.7285457809694793,2785
LSTM,3,0.8,0.9,0.8510709702028466,0.8410054512416717,3302
LSTM,3,0.9,1.0,0.9495394887082256,0.9539438856537851,3778
LSTM,7,0.0,0.1,0.008979155577582646,0.010884522547316654,88658
LSTM,7,0.1,0.2,0.1454543907060446,0.15743028591599012,5666
LSTM,7,0.2,0.30000000000000004,0.24847852633267564,0.29910479199578727,3798
LSTM,7,0.30000000000000004,0.4,0.3503274784119679,0.3938053097345133,3390
LSTM,7,0.4,0.5,0.4501838047282972,0.4732753262896209,3218
LSTM,7,0.5,0.6000000000000001,0.5498035298003552,0.5564668769716088,3170
LSTM,7,0.6000000000000001,0.7000000000000001,0.6492558138207944,0.6337174044875682,3298
LSTM,7,0.7000000000000001,0.8,0.7499797405481092,0.7367909238249595,3085
LSTM,7,0.8,0.9,0.8487812282142724,0.8658922914466737,2841
LSTM,7,0.9,1.0,0.940191461005242,0.9603326935380678,1563
LSTM-ext,1,0.0,0.1,0.002378848982141159,0.0020447321497790525,103192
LSTM-ext,1,0.1,0.2,0.14538218931881702,0.17315514235909354,1721
LSTM-ext,1,0.2,0.30000000000000004,0.24719287009106677,0.24023769100169778,1178
LSTM-ext,1,0.30000000000000004,0.4,0.3470513079696497,0.35228539576365664,897
LSTM-ext,1,0.4,0.5,0.44909740811976356,0.47784431137724553,835
LSTM-ext,1,0.5,0.6000000000000001,0.5508352972534805,0.5166270783847982,842
LSTM-ext,1,0.6000000000000001,0.7000000000000001,0.6510387486597566,0.6566579634464752,766
LSTM-ext,1,0.7000000000000001,0.8,0.753906507091532,0.7749120750293084,853
LSTM-ext,1,0.8,0.9,0.853609285820697,0.8482213438735178,1265
LSTM-ext,1,0.9,1.0,0.9847625170805249,0.9803745654368061,8917
LSTM-ext,3,0.0,0.1,0.0038744884192276207,0.003533815126719624,100458
LSTM-ext,3,0.1,0.2,0.1452816581122037,0.14803849000740193,2702
LSTM-ext,3,0.2,0.30000000000000004,0.2468215044173451,0.26229508196721313,1708
LSTM-ext,3,0.30000000000000004,0.4,0.3485587068593767,0.36788776305533905,1283
LSTM-ext,3,0.4,0.5,0.44814843374675706,0.4583333333333333,1200
LSTM-ext,3,0.5,0.6000000000000001,0.5510009623506547,0.5363079615048119,1143
LSTM-ext,3,0.6000000000000001,0.7000000000000001,0.6503001645039935,0.6532180595581172,1041
LSTM-ext,3,0.7000000000000001,0.8,0.7515633638702971,0.7438148443735035,1253
LSTM-ext,3,0.8,0.9,0.8531702654027444,0.8378870673952641,1647
LSTM-ext,3,0.9,1.0,0.9773675065751211,0.9693863415985594,7219
LSTM-ext,7,0.0,0.1,0.005654409590521362,0.004762438939821944,98059
LSTM-ext,7,0.1,0.2,0.14520361591685624,0.13617141246123485,3547
LSTM-ext,7,0.2,0.30000000000000004,0.24694116773251146,0.26877657061880017,2117
LSTM-ext,7,0.30000000000000004,0.4,0.34979334645400506,0.3616636528028933,1659
LSTM-ext,7,0.4,0.5,0.4504170992353248,0.4337265787647467,1441
LSTM-ext,7,0.5,0.6000000000000001,0.5495719234890267,0.5390447308567097,1319
LSTM-ext,7,0.6000000000000001,0.7000000000000001,0.6511259996170231,0.6362240982348427,1303
LSTM-ext,7,0.7000000000000001,0.8,0.7503001788811227,0.7707896575821104,1431
LSTM-ext,7,0.8,0.9,0.8525447322407355,0.8531701890989989,1798
LSTM-ext,7,0.9,1.0,0.9706853924677253,0.9659072010643606,6013
LightGBM,1,0.0,0.1,0.002736203906873444,0.00293199184665281,99591
LightGBM,1,0.1,0.2,0.14538765926704994,0.1630735212824765,1809
LightGBM,1,0.2,0.30000000000000004,0.24719904347092544,0.2634107285828663,1249
LightGBM,1,0.30000000000000004,0.4,0.3481069328052155,0.38613861386138615,1010
LightGBM,1,0.4,0.5,0.4493429996445896,0.4856115107913669,834
LightGBM,1,0.5,0.6000000000000001,0.5483328308569257,0.5746714456391876,837
LightGBM,1,0.6000000000000001,0.7000000000000001,0.6514241179352096,0.6444906444906445,962
LightGBM,1,0.7000000000000001,0.8,0.7509003184609662,0.7524193548387097,1240
LightGBM,1,0.8,0.9,0.8560214604472697,0.849616368286445,1955
LightGBM,1,0.9,1.0,0.9767464077248756,0.9757719282266144,10979
LightGBM,3,0.0,0.1,0.005537200744171429,0.0052136861939020215,93408
LightGBM,3,0.1,0.2,0.14554803191452095,0.17439180537772087,3905
LightGBM,3,0.2,0.30000000000000004,0.24821903825098313,0.29448529411764707,2720
LightGBM,3,0.30000000000000004,0.4,0.34882400313786194,0.36675579322638147,2244
LightGBM,3,0.4,0.5,0.4507061602670732,0.47437137330754353,2068
LightGBM,3,0.5,0.6000000000000001,0.5500285910612341,0.5524940617577198,2105
LightGBM,3,0.6000000000000001,0.7000000000000001,0.65146253446179,0.6418563922942206,2284
LightGBM,3,0.7000000000000001,0.8,0.7519744315358315,0.7473968376397995,2593
LightGBM,3,0.8,0.9,0.8536526358766687,0.8708971553610503,3656
LightGBM,3,0.9,1.0,0.9426720731819755,0.9625347891243845,4671
LightGBM,7,0.0,0.1,0.005981182228331892,0.0058480842482635,89260
LightGBM,7,0.1,0.2,0.14816217199935647,0.16023976023976025,5005
LightGBM,7,0.2,0.30000000000000004,0.24815572458770643,0.27371978164803745,3847
LightGBM,7,0.30000000000000004,0.4,0.3496089678241719,0.3947530864197531,3240
LightGBM,7,0.4,0.5,0.4499000243569538,0.46448467966573814,2872
LightGBM,7,0.5,0.6000000000000001,0.5506289831741197,0.5560109289617486,2928
LightGBM,7,0.6000000000000001,0.7000000000000001,0.650069365972385,0.6438485804416404,3170
LightGBM,7,0.7000000000000001,0.8,0.7508397989067787,0.774746192893401,3152
LightGBM,7,0.8,0.9,0.850150410310132,0.9072107322526551,3578
LightGBM,7,0.9,1.0,0.9281323390664897,0.9737003058103976,1635
LightGBM-ext,1,0.0,0.1,0.0010583624022552501,0.0010814400227671583,105415
LightGBM-ext,1,0.1,0.2,0.1454797634149071,0.17718120805369128,745
LightGBM-ext,1,0.2,0.30000000000000004,0.2500524441863351,0.24833702882483372,451
LightGBM-ext,1,0.30000000000000004,0.4,0.34731884757004555,0.33587786259541985,393
LightGBM-ext,1,0.4,0.5,0.4502743948442045,0.4481792717086835,357
LightGBM-ext,1,0.5,0.6000000000000001,0.5503005566902478,0.5523114355231143,411
LightGBM-ext,1,0.6000000000000001,0.7000000000000001,0.6521033956536736,0.5911016949152542,472
LightGBM-ext,1,0.7000000000000001,0.8,0.7531029586503059,0.7068676716917923,597
LightGBM-ext,1,0.8,0.9,0.8562432922432608,0.8418848167539267,955
LightGBM-ext,1,0.9,1.0,0.9872704616411536,0.9877225866916589,10670
LightGBM-ext,3,0.0,0.1,0.0030001143489435575,0.0028217758507113433,101709
LightGBM-ext,3,0.1,0.2,0.1437521424832807,0.16226415094339622,1855
LightGBM-ext,3,0.2,0.30000000000000004,0.24719522531226557,0.26942567567567566,1184
LightGBM-ext,3,0.30000000000000004,0.4,0.34777138278435615,0.3635427394438723,971
LightGBM-ext,3,0.4,0.5,0.4496605514896599,0.4432048681541582,986
LightGBM-ext,3,0.5,0.6000000000000001,0.5520226350533776,0.5247108307045215,951
LightGBM-ext,3,0.6000000000000001,0.7000000000000001,0.6504216582989654,0.6045197740112994,1062
LightGBM-ext,3,0.7000000000000001,0.8,0.7514778259285685,0.7035928143712575,1336
LightGBM-ext,3,0.8,0.9,0.8538771259323316,0.8218602207041513,1903
LightGBM-ext,3,0.9,1.0,0.9741777168144998,0.9725867220995192,7697
LightGBM-ext,7,0.0,0.1,0.004318869939230835,0.003910642824578289,98705
LightGBM-ext,7,0.1,0.2,0.146133748957986,0.14551083591331268,2907
LightGBM-ext,7,0.2,0.30000000000000004,0.2471635925052947,0.2646903123345686,1889
LightGBM-ext,7,0.30000000000000004,0.4,0.34930082506406773,0.31994362226920364,1419
LightGBM-ext,7,0.4,0.5,0.4483786015242849,0.45952197378565923,1297
LightGBM-ext,7,0.5,0.6000000000000001,0.551094567087585,0.5092816787732042,1239
LightGBM-ext,7,0.6000000000000001,0.7000000000000001,0.6503965728112961,0.6105417276720352,1366
LightGBM-ext,7,0.7000000000000001,0.8,0.7515403235316177,0.7402928071292171,1571
LightGBM-ext,7,0.8,0.9,0.8524078325778329,0.8271051320378675,2007
LightGBM-ext,7,0.9,1.0,0.9680751922401605,0.9673930332432003,6287
TR-fixedKappa,1,0.0,0.1,0.003041755410656981,0.0037760429919288354,98251
TR-fixedKappa,1,0.1,0.2,0.14485727360225378,0.15645371577574968,2301
TR-fixedKappa,1,0.2,0.30000000000000004,0.24916270557069178,0.27284263959390864,1576
TR-fixedKappa,1,0.30000000000000004,0.4,0.3491875347346506,0.3837298541826554,1303
TR-fixedKappa,1,0.4,0.5,0.4488704512102839,0.4612822647793505,1201
TR-fixedKappa,1,0.5,0.6000000000000001,0.549992970888332,0.5798722044728435,1252
TR-fixedKappa,1,0.6000000000000001,0.7000000000000001,0.6517811646031515,0.6669117647058823,1360
TR-fixedKappa,1,0.7000000000000001,0.8,0.7509846052238025,0.7682160804020101,1592
TR-fixedKappa,1,0.8,0.9,0.8545824853289588,0.8552389705882353,2176
TR-fixedKappa,1,0.9,1.0,0.9747930495890653,0.9717579860376561,9454
TR-fixedKappa,3,0.0,0.1,0.0051382444688371455,0.0058133912165139,93061
TR-fixedKappa,3,0.1,0.2,0.14588148301955978,0.1646809637278263,3777
TR-fixedKappa,3,0.2,0.30000000000000004,0.24860917326062038,0.2617743702081051,2739
TR-fixedKappa,3,0.30000000000000004,0.4,0.34886326452458555,0.35615883306320906,2468
TR-fixedKappa,3,0.4,0.5,0.4495750716915715,0.47012302284710017,2276
TR-fixedKappa,3,0.5,0.6000000000000001,0.5510662596266975,0.5860033726812817,2372
TR-fixedKappa,3,0.6000000000000001,0.7000000000000001,0.6499818917328728,0.675654242664552,2522
TR-fixedKappa,3,0.7000000000000001,0.8,0.7510094915347946,0.7487216946676406,2738
TR-fixedKappa,3,0.8,0.9,0.8519029777511358,0.856793893129771,3275
TR-fixedKappa,3,0.9,1.0,0.9519050360778222,0.9582015363759603,4426
TR-fixedKappa,7,0.0,0.1,0.006442952169933806,0.007990483244674882,89106
TR-fixedKappa,7,0.1,0.2,0.1459369148144603,0.16073697585768743,4722
TR-fixedKappa,7,0.2,0.30000000000000004,0.24843864973303553,0.2407103825136612,3660
TR-fixedKappa,7,0.30000000000000004,0.4,0.349639028518272,0.34810874704491723,3384
TR-fixedKappa,7,0.4,0.5,0.4491796603945373,0.4731280193236715,3312
TR-fixedKappa,7,0.5,0.6000000000000001,0.5502669308635522,0.567343437231913,3497
TR-fixedKappa,7,0.6000000000000001,0.7000000000000001,0.6491368034717763,0.6611353711790393,3435
TR-fixedKappa,7,0.7000000000000001,0.8,0.7485522052848812,0.7797054009819967,3055
TR-fixedKappa,7,0.8,0.9,0.8487096227225549,0.9008422664624809,2612
TR-fixedKappa,7,0.9,1.0,0.9483408682497303,0.9726890756302521,1904
TR-noDynamicPrior,1,0.0,0.1,0.00324674584386892,0.003482298316889147,98211
TR-noDynamicPrior,1,0.1,0.2,0.14539363499378938,0.15814151747655583,2346
TR-noDynamicPrior,1,0.2,0.30000000000000004,0.2476141879134539,0.27340359578425294,1613
TR-noDynamicPrior,1,0.30000000000000004,0.4,0.3489822145765147,0.36858475894245724,1286
TR-noDynamicPrior,1,0.4,0.5,0.4503229415375089,0.47560975609756095,1148
TR-noDynamicPrior,1,0.5,0.6000000000000001,0.5510758091150785,0.5922493681550126,1187
TR-noDynamicPrior,1,0.6000000000000001,0.7000000000000001,0.6501585829809576,0.671957671957672,1323
TR-noDynamicPrior,1,0.7000000000000001,0.8,0.7511071711624732,0.7455853499018966,1529
TR-noDynamicPrior,1,0.8,0.9,0.8541749786003868,0.8565629228687416,2217
TR-noDynamicPrior,1,0.9,1.0,0.9754779595737634,0.9696023318759109,9606
TR-noDynamicPrior,3,0.0,0.1,0.005555422563798432,0.005776491722513258,92963
TR-noDynamicPrior,3,0.1,0.2,0.14706342696076088,0.16833166833166832,4004
TR-noDynamicPrior,3,0.2,0.30000000000000004,0.24849927534546257,0.26463284852784674,2819
TR-noDynamicPrior,3,0.30000000000000004,0.4,0.34993629081896405,0.37282652648604936,2473
TR-noDynamicPrior,3,0.4,0.5,0.4503645743517795,0.47941567065073043,2259
TR-noDynamicPrior,3,0.5,0.6000000000000001,0.5510946043291324,0.5827017387427552,2243
TR-noDynamicPrior,3,0.6000000000000001,0.7000000000000001,0.6496373010957953,0.6671987230646449,2506
TR-noDynamicPrior,3,0.7000000000000001,0.8,0.7510829181256693,0.7482176360225141,2665
TR-noDynamicPrior,3,0.8,0.9,0.8522015896839998,0.8531746031746031,3024
TR-noDynamicPrior,3,0.9,1.0,0.9558479420612496,0.9589186888037463,4698
TR-noDynamicPrior,7,0.0,0.1,0.006885045931338512,0.008188435099069956,89028
TR-noDynamicPrior,7,0.1,0.2,0.1456051980301144,0.15879657302251446,5019
TR-noDynamicPrior,7,0.2,0.30000000000000004,0.24892444052826285,0.24576954069298954,3723
TR-noDynamicPrior,7,0.30000000000000004,0.4,0.35001791719241215,0.3660919540229885,3480
TR-noDynamicPrior,7,0.4,0.5,0.4489496170270755,0.4833882071236157,3341
TR-noDynamicPrior,7,0.5,0.6000000000000001,0.5500503359521464,0.5791564792176039,3272
TR-noDynamicPrior,7,0.6000000000000001,0.7000000000000001,0.649337995042071,0.6427889207258835,3141
TR-noDynamicPrior,7,0.7000000000000001,0.8,0.7489532087088502,0.7782837127845884,2855
TR-noDynamicPrior,7,0.8,0.9,0.8499068948158522,0.884263114071607,2402
TR-noDynamicPrior,7,0.9,1.0,0.9518673225071722,0.9682605111294311,2426
TR-noMoE,1,0.0,0.1,0.0032585711519078266,0.0037150438865074507,97980
TR-noMoE,1,0.1,0.2,0.14497266104355386,0.164366373902133,2391
TR-noMoE,1,0.2,0.30000000000000004,0.24817334858539183,0.2631578947368421,1672
TR-noMoE,1,0.30000000000000004,0.4,0.3500404956838846,0.3665338645418327,1255
TR-noMoE,1,0.4,0.5,0.4494721439171266,0.4489451476793249,1185
TR-noMoE,1,0.5,0.6000000000000001,0.55086487452149,0.5522138680033417,1197
TR-noMoE,1,0.6000000000000001,0.7000000000000001,0.6499303328228561,0.6409322651128915,1373
TR-noMoE,1,0.7000000000000001,0.8,0.7515799377810441,0.7630128597672995,1633
TR-noMoE,1,0.8,0.9,0.8536135282671574,0.8487574978577549,2334
TR-noMoE,1,0.9,1.0,0.9721004877148606,0.9699343637518526,9446
TR-noMoE,3,0.0,0.1,0.005725472470271057,0.0061143644505683775,92896
TR-noMoE,3,0.1,0.2,0.1459389824590234,0.17651477215823735,3994
TR-noMoE,3,0.2,0.30000000000000004,0.24827395855620119,0.291710388247639,2859
TR-noMoE,3,0.30000000000000004,0.4,0.3491833842235372,0.3738393217601938,2477
TR-noMoE,3,0.4,0.5,0.4499140978650245,0.46302665520206365,2326
TR-noMoE,3,0.5,0.6000000000000001,0.5511098773716002,0.5769557823129252,2352
TR-noMoE,3,0.6000000000000001,0.7000000000000001,0.6505264562569664,0.6588709677419354,2480
TR-noMoE,3,0.7000000000000001,0.8,0.7515053996996538,0.7490747594374537,2702
TR-noMoE,3,0.8,0.9,0.8514864070183927,0.8466085874299938,3214
TR-noMoE,3,0.9,1.0,0.951370627167992,0.958658704639412,4354
TR-noMoE,7,0.0,0.1,0.007178379472587276,0.008922520894510955,88540
TR-noMoE,7,0.1,0.2,0.14599166568567562,0.1651750972762646,5140
TR-noMoE,7,0.2,0.30000000000000004,0.2496593679661387,0.27502553626149134,3916
TR-noMoE,7,0.30000000000000004,0.4,0.35007534041189076,0.3729964683509916,3681
TR-noMoE,7,0.4,0.5,0.4500082514968879,0.491709703723838,3679
TR-noMoE,7,0.5,0.6000000000000001,0.5490362610843563,0.556674338319908,3476
TR-noMoE,7,0.6000000000000001,0.7000000000000001,0.6487194170236098,0.6352827763496144,3112
TR-noMoE,7,0.7000000000000001,0.8,0.7481161147012886,0.7665369649805448,2570
TR-noMoE,7,0.8,0.9,0.8506528925695216,0.8569023569023569,2376
TR-noMoE,7,0.9,1.0,0.9463566911331747,0.9663177059626764,2197
TR-noRouter,1,0.0,0.1,0.0033277117647376067,0.003904139611217011,98101
TR-noRouter,1,0.1,0.2,0.14567386843158125,0.1718555417185554,2409
TR-noRouter,1,0.2,0.30000000000000004,0.24626397040699938,0.267512077294686,1656
TR-noRouter,1,0.30000000000000004,0.4,0.34841628611859327,0.3632842757552285,1291
TR-noRouter,1,0.4,0.5,0.4491082579099736,0.5028665028665029,1221
TR-noRouter,1,0.5,0.6000000000000001,0.5495342813038312,0.5794392523364486,1284
TR-noRouter,1,0.6000000000000001,0.7000000000000001,0.6506651017566718,0.6710914454277286,1356
TR-noRouter,1,0.7000000000000001,0.8,0.7522778825996154,0.7599754450583179,1629
TR-noRouter,1,0.8,0.9,0.8534728950705486,0.8501118568232662,2235
TR-noRouter,1,0.9,1.0,0.974009999943904,0.96984058595433,9284
TR-noRouter,3,0.0,0.1,0.005648435779761767,0.006042393692645728,92844
TR-noRouter,3,0.1,0.2,0.14600776315239566,0.17055008407398511,4163
TR-noRouter,3,0.2,0.30000000000000004,0.24813404228140057,0.2764540995094604,2854
TR-noRouter,3,0.30000000000000004,0.4,0.348261818278029,0.37031060911657926,2479
TR-noRouter,3,0.4,0.5,0.4491354827469157,0.48656591099916036,2382
TR-noRouter,3,0.5,0.6000000000000001,0.5507408821244859,0.5919965202261853,2299
TR-noRouter,3,0.6000000000000001,0.7000000000000001,0.6500516774390612,0.6716729244889446,2397
TR-noRouter,3,0.7000000000000001,0.8,0.7503733416585872,0.7517058377558756,2638
TR-noRouter,3,0.8,0.9,0.8519595267325963,0.8455439264192832,3153
TR-noRouter,3,0.9,1.0,0.9529594078869422,0.9590551181102362,4445
TR-noRouter,7,0.0,0.1,0.006970490755008337,0.008276714021000617,89045
TR-noRouter,7,0.1,0.2,0.14622250399568656,0.16167066346922462,5004
TR-noRouter,7,0.2,0.30000000000000004,0.24845775466844316,0.25855028075548747,3918
TR-noRouter,7,0.30000000000000004,0.4,0.3496169477736215,0.370939161252215,3386
TR-noRouter,7,0.4,0.5,0.45019209406426347,0.4834735576923077,3328
TR-noRouter,7,0.5,0.6000000000000001,0.5509925082023256,0.5694488188976378,3175
TR-noRouter,7,0.6000000000000001,0.7000000000000001,0.6505034749590859,0.6668810289389068,3110
TR-noRouter,7,0.7000000000000001,0.8,0.749472060829059,0.7644230769230769,3120
TR-noRouter,7,0.8,0.9,0.8506140364638284,0.8951255539143279,2708
TR-noRouter,7,0.9,1.0,0.939990378616366,0.9635499207606973,1893
TR-noTCN,1,0.0,0.1,0.00401325034590895,0.006026617560893948,95576
TR-noTCN,1,0.1,0.2,0.1455475871722327,0.1673529411764706,3400
TR-noTCN,1,0.2,0.30000000000000004,0.24778487191998258,0.2789115646258503,2352
TR-noTCN,1,0.30000000000000004,0.4,0.3489228541394778,0.37191358024691357,1944
TR-noTCN,1,0.4,0.5,0.44973522838305974,0.45874587458745875,1818
TR-noTCN,1,0.5,0.6000000000000001,0.5508116524146514,0.5358577165806081,1743
TR-noTCN,1,0.6000000000000001,0.7000000000000001,0.6509175156885509,0.6529345372460497,1772
TR-noTCN,1,0.7000000000000001,0.8,0.7531640487039625,0.7925925925925926,2565
TR-noTCN,1,0.8,0.9,0.8541134247875267,0.8508140855736464,2641
TR-noTCN,1,0.9,1.0,0.9634131096641455,0.9601803155522164,6655
TR-noTCN,3,0.0,0.1,0.005497043630593436,0.006635809239678849,91172
TR-noTCN,3,0.1,0.2,0.14737790416443264,0.15733506944444445,4608
TR-noTCN,3,0.2,0.30000000000000004,0.2476797351484369,0.2707895526868808,3331
TR-noTCN,3,0.30000000000000004,0.4,0.3485460967144595,0.3629407850964737,3006
TR-noTCN,3,0.4,0.5,0.4497292822358575,0.45496618013527945,2809
TR-noTCN,3,0.5,0.6000000000000001,0.5487975165630491,0.5513016845329249,2612
TR-noTCN,3,0.6000000000000001,0.7000000000000001,0.6505928174799078,0.6586556515208412,2663
TR-noTCN,3,0.7000000000000001,0.8,0.7511716639830979,0.758406432748538,2736
TR-noTCN,3,0.8,0.9,0.8522079376490722,0.8612967914438503,2992
TR-noTCN,3,0.9,1.0,0.9494440895867272,0.9591946308724832,3725
TR-noTCN,7,0.0,0.1,0.006997149887882345,0.00854543572521191,86947
TR-noTCN,7,0.1,0.2,0.14660416854840902,0.1541023842917251,5704
TR-noTCN,7,0.2,0.30000000000000004,0.24935535173441178,0.24972326765552358,4517
TR-noTCN,7,0.30000000000000004,0.4,0.35018128636056356,0.36404382470119523,4016
TR-noTCN,7,0.4,0.5,0.4497755287428785,0.4453419493807216,3714
TR-noTCN,7,0.5,0.6000000000000001,0.5486060153748263,0.547887323943662,3550
TR-noTCN,7,0.6000000000000001,0.7000000000000001,0.6498091538539892,0.65141065830721,3190
TR-noTCN,7,0.7000000000000001,0.8,0.7483991507657796,0.7630536550234066,2777
TR-noTCN,7,0.8,0.9,0.8487893562036964,0.8760162601626016,2460
TR-noTCN,7,0.9,1.0,0.9345147196159878,0.9801324503311258,1812
TR-unbounded,1,0.0,0.1,0.0030969451314523853,0.004068646945455658,98067
TR-unbounded,1,0.1,0.2,0.14430073596788784,0.16107660455486542,2415
TR-unbounded,1,0.2,0.30000000000000004,0.24752720423370375,0.27784810126582277,1580
TR-unbounded,1,0.30000000000000004,0.4,0.34928489696286674,0.375,1384
TR-unbounded,1,0.4,0.5,0.4496458852893839,0.4664429530201342,1192
TR-unbounded,1,0.5,0.6000000000000001,0.54997762123245,0.5709515859766278,1198
TR-unbounded,1,0.6000000000000001,0.7000000000000001,0.6518221320889293,0.6569037656903766,1434
TR-unbounded,1,0.7000000000000001,0.8,0.7516413668660632,0.7639902676399026,1644
TR-unbounded,1,0.8,0.9,0.8547494029092562,0.8563218390804598,2262
TR-unbounded,1,0.9,1.0,0.9739610407948732,0.9685683530678149,9290
TR-unbounded,3,0.0,0.1,0.005315715398767748,0.006303040733131837,92971
TR-unbounded,3,0.1,0.2,0.14630310967708965,0.1749619095987811,3938
TR-unbounded,3,0.2,0.30000000000000004,0.2479335673698949,0.2709497206703911,2864
TR-unbounded,3,0.30000000000000004,0.4,0.34906667584420775,0.36377891023128184,2551
TR-unbounded,3,0.4,0.5,0.4500549783232937,0.4756570443774235,2321
TR-unbounded,3,0.5,0.6000000000000001,0.550965237960865,0.5855122160308616,2333
TR-unbounded,3,0.6000000000000001,0.7000000000000001,0.6504002571679154,0.6750303520841765,2471
TR-unbounded,3,0.7000000000000001,0.8,0.7509757551442999,0.7576687116564417,2608
TR-unbounded,3,0.8,0.9,0.8512550760533786,0.8556183301946014,3186
TR-unbounded,3,0.9,1.0,0.9544628312161082,0.9523917479029699,4411
TR-unbounded,7,0.0,0.1,0.006989593980579674,0.009390250743254613,89135
TR-unbounded,7,0.1,0.2,0.146489162728931,0.159688013136289,4872
TR-unbounded,7,0.2,0.30000000000000004,0.2500166017187807,0.2539598732840549,3788
TR-unbounded,7,0.30000000000000004,0.4,0.3494745103304393,0.36062265782646297,3469
TR-unbounded,7,0.4,0.5,0.4499482816144971,0.4808199121522694,3415
TR-unbounded,7,0.5,0.6000000000000001,0.5505297482818776,0.5715997603355303,3338
TR-unbounded,7,0.6000000000000001,0.7000000000000001,0.6494160494656456,0.663510101010101,3168
TR-unbounded,7,0.7000000000000001,0.8,0.7482943825962751,0.7724489795918368,2940
TR-unbounded,7,0.8,0.9,0.8493669140201524,0.886301901435778,2577
TR-unbounded,7,0.9,1.0,0.9468227532604345,0.9591939546599496,1985
ThermoRoute,1,0.0,0.1,0.0033382678793631264,0.003724717839867747,97994
ThermoRoute,1,0.1,0.2,0.14452167036131258,0.1522905489063145,2423
ThermoRoute,1,0.2,0.30000000000000004,0.24907013793279553,0.27178549664838514,1641
ThermoRoute,1,0.30000000000000004,0.4,0.3485097355251768,0.3533026113671275,1302
ThermoRoute,1,0.4,0.5,0.44965023212061517,0.4598976109215017,1172
ThermoRoute,1,0.5,0.6000000000000001,0.5503717288413692,0.5736245954692557,1236
ThermoRoute,1,0.6000000000000001,0.7000000000000001,0.6504345549049991,0.6624441132637854,1342
ThermoRoute,1,0.7000000000000001,0.8,0.7520585180295417,0.7582631237848347,1543
ThermoRoute,1,0.8,0.9,0.8545067811590171,0.8573333333333333,2250
ThermoRoute,1,0.9,1.0,0.9745767618087042,0.9665376973753006,9563
ThermoRoute,3,0.0,0.1,0.005522137147002153,0.005995629756407358,92901
ThermoRoute,3,0.1,0.2,0.14565345562761764,0.16725352112676056,3976
ThermoRoute,3,0.2,0.30000000000000004,0.24792702466430436,0.2710180915218163,2819
ThermoRoute,3,0.30000000000000004,0.4,0.34971324778962043,0.36266005782734406,2421
ThermoRoute,3,0.4,0.5,0.4493422187474416,0.4710239651416122,2295
ThermoRoute,3,0.5,0.6000000000000001,0.551110194883219,0.5675324675324676,2310
ThermoRoute,3,0.6000000000000001,0.7000000000000001,0.6507950692823318,0.6774061990212071,2452
ThermoRoute,3,0.7000000000000001,0.8,0.7502047424165087,0.7424942263279446,2598
ThermoRoute,3,0.8,0.9,0.8519097571380793,0.8490159901599016,3252
ThermoRoute,3,0.9,1.0,0.9551670944122738,0.9531317494600432,4630
ThermoRoute,7,0.0,0.1,0.006976436401711086,0.009295180857982194,89186
ThermoRoute,7,0.1,0.2,0.14549261092261978,0.15592298032649643,4778
ThermoRoute,7,0.2,0.30000000000000004,0.24878250079653094,0.2579269917399414,3753
ThermoRoute,7,0.30000000000000004,0.4,0.3496479761317647,0.3451118963486455,3396
ThermoRoute,7,0.4,0.5,0.44982941665526416,0.4784703402589581,3321
ThermoRoute,7,0.5,0.6000000000000001,0.5507168615703943,0.5688100087285424,3437
ThermoRoute,7,0.6000000000000001,0.7000000000000001,0.6496108693569851,0.6554201811933771,3201
ThermoRoute,7,0.7000000000000001,0.8,0.7488941780610306,0.7663906142167012,2898
ThermoRoute,7,0.8,0.9,0.8492600664212803,0.8920077972709551,2565
ThermoRoute,7,0.9,1.0,0.9485501103615535,0.9637546468401487,2152
ThermoRoute-ext,1,0.0,0.1,0.0013974062129800174,0.0008764408878727256,104970
ThermoRoute-ext,1,0.1,0.2,0.14561759935649474,0.13209393346379647,1022
ThermoRoute-ext,1,0.2,0.30000000000000004,0.245918824871013,0.281505728314239,611
ThermoRoute-ext,1,0.30000000000000004,0.4,0.3499305411934192,0.4083969465648855,524
ThermoRoute-ext,1,0.4,0.5,0.44665108885014315,0.48884381338742394,493
ThermoRoute-ext,1,0.5,0.6000000000000001,0.550256286703056,0.5904977375565611,442
ThermoRoute-ext,1,0.6000000000000001,0.7000000000000001,0.6495303392263684,0.6408730158730159,504
ThermoRoute-ext,1,0.7000000000000001,0.8,0.7526006289788668,0.7660256410256411,624
ThermoRoute-ext,1,0.8,0.9,0.853178653258186,0.8508583690987125,932
ThermoRoute-ext,1,0.9,1.0,0.9898173530682954,0.9872389791183295,10344
ThermoRoute-ext,3,0.0,0.1,0.003010417675609655,0.002791064648158193,101395
ThermoRoute-ext,3,0.1,0.2,0.14524145527040278,0.16728452270620944,2158
ThermoRoute-ext,3,0.2,0.30000000000000004,0.24794447164210606,0.28356066044508255,1393
ThermoRoute-ext,3,0.30000000000000004,0.4,0.3493492200618828,0.37443744374437443,1111
ThermoRoute-ext,3,0.4,0.5,0.45060311341456627,0.44814814814814813,1080
ThermoRoute-ext,3,0.5,0.6000000000000001,0.549956852197957,0.5536779324055666,1006
ThermoRoute-ext,3,0.6000000000000001,0.7000000000000001,0.6507584311614154,0.6759776536312849,1074
ThermoRoute-ext,3,0.7000000000000001,0.8,0.7513018034987018,0.7066666666666667,1200
ThermoRoute-ext,3,0.8,0.9,0.8536748660657939,0.8311611374407583,1688
ThermoRoute-ext,3,0.9,1.0,0.975587290190835,0.9743012319512518,7549
ThermoRoute-ext,7,0.0,0.1,0.004173954302899224,0.003621677162070053,98297
ThermoRoute-ext,7,0.1,0.2,0.14518457400857512,0.14558629776021081,3036
ThermoRoute-ext,7,0.2,0.30000000000000004,0.24760795228081278,0.25288509784244856,1993
ThermoRoute-ext,7,0.30000000000000004,0.4,0.3484569066748269,0.3329326923076923,1664
ThermoRoute-ext,7,0.4,0.5,0.44818951514002653,0.4270096463022508,1555
ThermoRoute-ext,7,0.5,0.6000000000000001,0.549451920985938,0.547550432276657,1388
ThermoRoute-ext,7,0.6000000000000001,0.7000000000000001,0.6501848844757881,0.6530475552578701,1493
ThermoRoute-ext,7,0.7000000000000001,0.8,0.7503246954941694,0.7607687210072896,1509
ThermoRoute-ext,7,0.8,0.9,0.8529007291613108,0.8670374115267947,1978
ThermoRoute-ext,7,0.9,1.0,0.9689931346276126,0.9717700034638033,5774
