site_id,horizon,Persistence,DampedPersistence,ThermoRoute,G_memory,G_learned,half_life
01073319,1,0.9018709083759595,0.8651951677346197,0.6544557975348039,0.03667574064133983,0.2107393701998158,6.3528433028737625
01073319,3,1.9403527919144878,1.6954784926526374,1.5406707161277111,0.24487429926185045,0.15480777652492628,6.3528433028737625
01073319,7,2.636577503430821,1.9502009088528716,1.8409670435942143,0.6863765945779494,0.1092338652586573,6.3528433028737625
01104415,1,1.1688330206614252,1.099890445766909,0.9658026962607159,0.06894257489451627,0.13408774950619307,2.8103330093926204
01104415,3,1.93410659494561,1.6189239392214319,1.53024178946853,0.31518265572417814,0.08868214975290178,2.8103330093926204
01104415,7,2.2040600288426697,1.7148016525836747,1.649859515343959,0.48925837625899504,0.06494213723971565,2.8103330093926204
01104455,1,1.1004448031293566,1.0686825567824805,0.9851053889657762,0.03176224634687608,0.08357716781670432,9.04087118115529
01104455,3,1.724655493940072,1.5862934791088408,1.5198434187807266,0.13836201483123123,0.06645006032811418,9.04087118115529
01104455,7,2.1114373507122934,1.788127213809465,1.73240870329693,0.3233101369028284,0.05571851051253507,9.04087118115529
01104475,1,1.0043918349982714,0.972292732563011,0.847613277246103,0.032099102435260485,0.12467945531690794,3.603121840313532
01104475,3,1.7941445641822296,1.5903798193083025,1.5160981044156623,0.20376474487392704,0.07428171489264024,3.603121840313532
01104475,7,2.1324301637852345,1.7982501718428734,1.7441065506081805,0.33417999194236114,0.05414362123469285,3.603121840313532
01129500,1,0.8661678892990187,0.8305807908529209,0.6290286158024225,0.035587098446097754,0.20155217505049838,6.236960879360934
01129500,3,1.7650218933761253,1.5294140908871912,1.3671438432982255,0.2356078024889341,0.1622702475889657,6.236960879360934
01129500,7,2.3377713263814597,1.7296506186217053,1.6227610027373651,0.6081207077597544,0.1068896158843402,6.236960879360934
01400500,1,1.051711978426769,1.0138234709783829,0.7290555010056043,0.03788850744838612,0.28476796997277853,6.604125093868329
01400500,3,2.144604845460917,1.8970121341087114,1.7299828671031243,0.24759271135220562,0.16702926700558707,6.604125093868329
01400500,7,2.8662609608024523,2.191835233309784,2.12420732781333,0.6744257274926682,0.06762790549645414,6.604125093868329
01408029,1,1.1827178630300377,1.1328330066786245,0.8541752578595125,0.049884856351413154,0.278657748819112,4.210168824894292
01408029,3,2.2583431984047158,1.9367432963134772,1.7792952660558536,0.32159990209123857,0.15744803025762355,4.210168824894292
01408029,7,2.7006662332057028,2.064191352011448,1.9968855859149721,0.6364748811942547,0.06730576609647598,4.210168824894292
01425000,1,0.4247145785816727,0.4144683281205504,0.44365521189069057,0.01024625046112232,-0.02918688377014017,13.426816800636445
01425000,3,0.7723386960734638,0.7178773168822858,0.7752694054821894,0.054461379191177994,-0.057392088599903524,13.426816800636445
01425000,7,1.090897252099037,0.9295271278650752,0.994867605636562,0.1613701242339618,-0.06534047777148677,13.426816800636445
01426500,1,0.8473450108615179,0.8161686556025187,0.7873905315908228,0.0311763552589992,0.028778124011695883,5.974715804261542
01426500,3,1.3831952023649687,1.244729776030044,1.200315093606345,0.13846542633492476,0.04441468242369906,5.974715804261542
01426500,7,1.6935616233849728,1.421571708859245,1.3910532501823079,0.27198991452572785,0.030518458676937144,5.974715804261542
01427207,1,0.9486440962690906,0.9125107912206157,0.6797475677324938,0.036133305048474895,0.23276322348812195,6.517050576203549
01427207,3,1.8830974473869555,1.6599527734837038,1.4872458823808288,0.22314467390325166,0.17270689110287507,6.517050576203549
01427207,7,2.5210067297117007,1.9220852108572124,1.8659792221098366,0.5989215188544883,0.05610598874737582,6.517050576203549
01428500,1,0.8628185836595035,0.834246975545,0.5978148647621584,0.028571608114503433,0.23643211078284165,9.522836638076326
01428500,3,1.9202882959802559,1.7305569885359924,1.523046368385834,0.18973130744426348,0.20751062015015842,9.522836638076326
01428500,7,2.7785178292000743,2.1841595149121797,2.0685319467540637,0.5943583142878945,0.11562756815811603,9.522836638076326
01435000,1,0.6020796101424185,0.7121703153078385,0.7403772043069303,-0.11009070516541997,-0.02820688899909185,
01435000,3,2.0476467994592795,2.5851945524190167,2.9861685212494735,-0.5375477529597372,-0.4009739688304568,
01435000,7,4.399999618530273,4.136505126953125,4.722831726074219,0.26349449157714844,-0.5863265991210938,
01463500,1,0.7221994678972922,0.6989113851999066,0.4817161860680755,0.02328808269738558,0.2171951991318311,11.339922722868023
01463500,3,1.649358402666282,1.5019591755655155,1.2844087076599204,0.14739922710076647,0.21755046790559507,11.339922722868023
01463500,7,2.436970027538049,1.9291789363828336,1.801254382148208,0.5077910911552153,0.12792455423462545,11.339922722868023
01480617,1,1.1094649291433334,1.0642157266665173,0.8665712982340399,0.045249202476816075,0.19764442843247743,4.155073166570421
01480617,3,2.10462234421555,1.817077039409903,1.6784768242588022,0.2875453048056469,0.13860021515110077,4.155073166570421
01480617,7,2.575661753823621,1.9777178185827857,1.9396471305701326,0.5979439352408353,0.03807068801265312,4.155073166570421
01540500,1,0.6526208332878207,0.6301200014104862,0.4622732497882035,0.022500831877334537,0.16784675162228269,11.072122524490663
01540500,3,1.546838257134031,1.3866012576157658,1.174807122437875,0.1602369995182651,0.2117941351778907,11.072122524490663
01540500,7,2.4544276675234715,1.9041409707733707,1.7594654614113203,0.5502866967501008,0.14467550936205043,11.072122524490663
01542500,1,0.9433005864273646,0.910162681557727,0.6842551842210846,0.033137904869637635,0.2259074973366424,7.682617969946097
01542500,3,2.0310050253465293,1.7910236294588362,1.6294282342010953,0.23998139588769307,0.16159539525774091,7.682617969946097
01542500,7,2.7908710116066957,2.11716495034359,2.0633544914788438,0.6737060612631058,0.053810458864746114,7.682617969946097
01549700,1,0.9883643035342117,0.9566415152419521,0.7095589255342734,0.03172278829225961,0.2470825897076787,7.606585947339083
01549700,3,2.1237592719299765,1.893338393037286,1.6797555312287054,0.23042087889269047,0.21358286180858066,7.606585947339083
01549700,7,2.929334714815794,2.2634441796732383,2.147434538773709,0.6658905351425557,0.11600964089952948,7.606585947339083
01608500,1,0.6172519458973562,0.6093476647906908,0.5401761193452511,0.007904281106665412,0.06917154544543969,
01608500,3,1.5378556096143638,1.2917620936965666,1.2431750993389303,0.24609351591779727,0.04858699435763625,
01608500,7,2.371181103575698,1.0698236357391597,0.8049302219769517,1.301357467836538,0.264893413762208,
02110701,1,1.0655002456248892,1.0301869531583454,0.7308821158196998,0.0353132924665438,0.29930483733864566,5.424346786336593
02110701,3,2.227748960159052,1.9471886718943339,1.7382746106774787,0.280560288264718,0.20891406121685518,5.424346786336593
02110701,7,2.9068916921058174,2.2268532973155866,2.143737476789023,0.6800383947902309,0.08311582052656341,5.424346786336593
02176930,1,1.0497908303935768,1.0132876428593571,0.8305491004329799,0.03650318753421966,0.18273854242637722,5.717394445131517
02176930,3,2.0506864253062855,1.8070114880411794,1.6247814173770838,0.24367493726510614,0.18223007066409558,5.717394445131517
02176930,7,2.558028439187919,2.02908091347603,1.9636703806739628,0.5289475257118892,0.0654105328020671,5.717394445131517
02266300,1,0.8836778115768776,0.8680008026092569,0.647753334474198,0.015677008967620698,0.2202474681350589,5.002571970314514
02266300,3,1.799956215741099,1.6102342876183013,1.4785750144346974,0.18972192812279776,0.13165927318360393,5.002571970314514
02266300,7,2.268536828557452,1.8786291255544676,1.7817430788031923,0.3899077030029845,0.09688604675127532,5.002571970314514
02330450,1,0.9981608972987934,0.9585154335763656,0.8081369102539776,0.03964546372242783,0.150378523322388,4.817656521610482
02330450,3,1.8985244201579101,1.6383678902789998,1.5012745098093507,0.26015652987891036,0.13709338046964903,4.817656521610482
02330450,7,2.3577268771960593,1.8203129617721079,1.7697633454205353,0.5374139154239514,0.050549616351572624,4.817656521610482
02334430,1,0.21135499330583804,0.22301048912663782,0.3263298219081537,-0.011655495820799777,-0.10331933278151587,23.490454573626003
02334430,3,0.2889605067684421,0.36215493002020194,0.42605248534411017,-0.07319442325175984,-0.06389755532390823,23.490454573626003
02334430,7,0.3873339275882282,0.6094263863405908,0.42834600153007935,-0.22209245875236255,0.18108038481051142,23.490454573626003
02334885,1,0.9672517087259804,0.9371071839639755,0.6387331686607984,0.03014452476200491,0.2983740153031771,6.587493031384585
02334885,3,2.049477278216119,1.8207889881997987,1.6054270604248766,0.2286882900163203,0.21536192777492214,6.587493031384585
02334885,7,2.6661291190141436,2.1011299231432035,2.016921719389098,0.5649991958709402,0.08420820375410543,6.587493031384585
02336120,1,1.1232680510573618,1.0830796575666577,0.8053959039621301,0.04018839349070413,0.2776837536045276,5.200743226682989
02336120,3,2.2207411591846093,1.9413369876160602,1.7641649442397955,0.27940417156854913,0.1771720433762647,5.200743226682989
02336120,7,2.815213319380338,2.17580612738496,2.117096882652801,0.6394071919953781,0.05870924473215888,5.200743226682989
02336300,1,1.1540356120518223,1.1122901439388386,0.8281074758796266,0.04174546811298363,0.284182668059212,5.266330565133657
02336300,3,2.2859810093965947,1.997309121845129,1.8179248706009197,0.28867188755146556,0.17938425124420943,5.266330565133657
02336300,7,2.910147023202838,2.253682239283999,2.1828606261893624,0.6564647839188393,0.07082161309463642,5.266330565133657
02336728,1,0.7304187448184373,0.8059388176289191,0.7218399115559212,-0.07552007281048179,0.08409890607299786,4.9942816148361135
02336728,3,1.34701316507074,1.5757061465090352,1.5779103555955944,-0.2286929814382952,-0.0022042090865592723,4.9942816148361135
02336728,7,1.7408924061010487,2.3250434666338182,2.300872289993137,-0.5841510605327696,0.024171176640681136,4.9942816148361135
02397000,1,0.6521246403793362,0.6320155900017969,0.4316041357616094,0.020109050377539295,0.20041145424018747,10.634331315340704
02397000,3,1.4439417581163503,1.3122262031871603,1.084499652342942,0.13171555492918996,0.22772655084421833,10.634331315340704
02397000,7,2.0631146148865906,1.6512573423186456,1.530741101736035,0.411857272567945,0.12051624058261057,10.634331315340704
02455980,1,1.0221896139082174,0.9784108182985676,0.7537002808009372,0.04377879560964981,0.22471053749763037,3.852978470245966
02455980,3,1.8604308909756775,1.6016430909881667,1.470508789663765,0.2587877999875108,0.13113430132440174,3.852978470245966
02455980,7,2.2990427743593926,1.7723548578369548,1.73944377635346,0.5266879165224378,0.03291108148349475,3.852978470245966
02458450,1,1.025946618444381,0.9871112718615602,0.7649602531068725,0.03883534658282084,0.22215101875468768,4.515259930613858
02458450,3,1.8930843704979838,1.6600251223879834,1.5171116027206981,0.23305924811000045,0.14291351966728527,4.515259930613858
02458450,7,2.4090485407309155,1.8998197835118362,1.8453828831282133,0.5092287572190792,0.05443690038362292,4.515259930613858
02474560,1,0.7930696503990492,0.780250638786233,0.5430660011067341,0.012819011612816178,0.23718463767949893,9.734841043986817
02474560,3,1.8075652342977258,1.6686421025565026,1.4906083456859966,0.13892313174122317,0.17803375687050593,9.734841043986817
02474560,7,2.8065167809233853,2.321535479265159,2.2177327606048958,0.4849813016582263,0.10380271866026325,9.734841043986817
03007800,1,1.0649686302363421,1.0285713701892631,0.757540007343435,0.036397260047078994,0.2710313628458282,6.004443580012449
03007800,3,2.161238495989845,1.9115785116870736,1.7203409485971988,0.2496599843027716,0.19123756308987483,6.004443580012449
03007800,7,2.8181955678509563,2.1861544276371236,2.098768170586497,0.6320411402138326,0.08738625705062653,6.004443580012449
03034000,1,1.1399643977528553,1.1005711444452597,0.824774913416157,0.03939325330759558,0.27579623102910267,5.962197479687843
03034000,3,2.283022713025281,2.0156202595609187,1.827728761063643,0.2674024534643622,0.1878914984972757,5.962197479687843
03034000,7,2.9075557385041777,2.2686280010508595,2.165116055110436,0.6389277374533182,0.10351194594042346,5.962197479687843
03036000,1,0.5215024358641495,0.49900398137017166,0.5232216600090798,0.022498454493977804,-0.024217678638908113,15.426152989912664
03036000,3,1.1771371210062347,1.0564823014389155,0.917630287372992,0.12065481956731916,0.1388520140659235,15.426152989912664
03036000,7,1.939994716694044,1.5085940951575822,1.3801352330067431,0.43140062153646186,0.12845886215083913,15.426152989912664
03047000,1,0.6395884632153676,0.617495851010071,0.5667934298169262,0.02209261220529657,0.05070242119314483,14.695174212983076
03047000,3,1.5533526403972615,1.4222589515863122,1.1617403962265476,0.1310936888109493,0.26051855535976465,14.695174212983076
03047000,7,2.4433696831429805,1.9849489749572917,1.7919451110590983,0.4584207081856888,0.19300386389819346,14.695174212983076
03077500,1,0.2612694473245123,0.23720200823390497,0.2911570639598894,0.024067439090607323,-0.05395505572598441,52.470447090291096
03077500,3,0.5424293742957483,0.4329552840507972,0.4724701098764601,0.10947409024495114,-0.0395148258256629,52.470447090291096
03077500,7,0.9889338066097901,0.621518638915974,0.6132158953775682,0.3674151676938161,0.008302743538405877,52.470447090291096
03105500,1,1.0034241374922035,0.9715498772429042,0.7133080936627353,0.03187426024929929,0.2582417835801689,8.11411863657613
03105500,3,2.0911683886337626,1.8813453494459746,1.662805760824131,0.209823039187788,0.21853958862184375,8.11411863657613
03105500,7,2.766081321300646,2.192676608254046,2.099003866283538,0.5734047130466,0.0936727419705079,8.11411863657613
03106000,1,1.125044554782795,1.0850985452028048,0.7623463457030404,0.03994600957999017,0.3227521994997644,6.368491130510075
03106000,3,2.4088629840541116,2.1216027961241597,1.8782256643176862,0.2872601879299519,0.24337713180647347,6.368491130510075
03106000,7,3.195452841271123,2.4465288656960085,2.3311665040040457,0.7489239755751145,0.11536236169196279,6.368491130510075
03301900,1,1.2030314561258206,1.156585376576227,0.9372957078026104,0.046446079549593566,0.21928966877361666,4.201287164720107
03301900,3,2.2034523725175563,1.912289765720191,1.7807144571156077,0.2911626067973654,0.13157530860458322,4.201287164720107
03301900,7,2.6589560875816414,2.1254909148686525,2.092967864649197,0.5334651727129889,0.03252305021945556,4.201287164720107
03353200,1,1.2386972624078563,1.1910193225706152,0.8930190358282727,0.04767793983724111,0.29800028674234247,5.644454454818635
03353200,3,2.458078426783522,2.1561328447816,1.9693162906958104,0.3019455820019217,0.1868165540857898,5.644454454818635
03353200,7,3.1292033510519017,2.4012828182478194,2.3300107012263243,0.7279205328040823,0.07127211702149516,5.644454454818635
03456991,1,1.0044377045404156,0.9675275277567421,0.7618174090523299,0.036910176783673476,0.20571011870441225,5.731057783076892
03456991,3,1.8993894138693874,1.6764509768427054,1.5185166021314198,0.22293843702668203,0.15793437471128557,5.731057783076892
03456991,7,2.4793220410041497,1.9337604618779607,1.8730728629326168,0.545561579126189,0.060687598945343924,5.731057783076892
04027000,1,0.9987598320379923,0.9574089010711297,0.7188472192090785,0.0413509309668626,0.2385616818620513,7.207370248840376
04027000,3,2.0474216502975624,1.7972561664000108,1.6595625756083199,0.25016548389755155,0.13769359079169097,7.207370248840376
04027000,7,2.817103900753502,2.116484494307629,2.0145097406753485,0.7006194064458731,0.10197475363228037,7.207370248840376
04043238,1,0.9669085452405644,0.926204160678976,0.796381887817825,0.040704384561588314,0.129822272861151,4.071102535954958
04043238,3,1.7721985493175405,1.523038787772186,1.4530757179417275,0.24915976154535446,0.06996306983045852,4.071102535954958
04043238,7,2.389099497291654,1.7576481149095664,1.7094248383165391,0.6314513823820875,0.048223276593027276,4.071102535954958
04043244,1,0.9592096160595337,0.9157555734417753,0.7871344548313156,0.043454042617758426,0.12862111861045966,3.9558898603001356
04043244,3,1.7007303599297972,1.4606398565623286,1.3979345386611086,0.2400905033674685,0.06270531790122003,3.9558898603001356
04043244,7,2.2591075100195748,1.6724304946015405,1.6257151286249374,0.5866770154180343,0.046715365976603085,3.9558898603001356
04067500,1,0.6383759180061542,0.605970077473666,0.4566080962434694,0.032405840532488184,0.14936198123019667,15.926812979274109
04067500,3,1.460766491551936,1.2941679494468818,1.205829565033378,0.1665985421050542,0.08833838441350395,15.926812979274109
04067500,7,2.427415162034873,1.8571845363390107,1.7343199374126166,0.5702306256958622,0.12286459892639412,15.926812979274109
04077630,1,0.9137033199651391,0.8764187208519734,0.6987406466139108,0.03728459911316573,0.1776780742380626,7.1094717852282265
04077630,3,1.8934362228198303,1.6545306367341477,1.5278836406853633,0.23890558608568258,0.12664699604878438,7.1094717852282265
04077630,7,2.681960781975837,1.983216388847265,1.883485576507242,0.6987443931285722,0.0997308123400229,7.1094717852282265
04124200,1,0.24483680161580396,0.20695470629793447,0.330989666265979,0.037882095317869485,-0.1240349599680445,51.263942364901595
04124200,3,0.6181282879246051,0.473516447365568,0.5335921830194332,0.14461184055903703,-0.0600757356538652,51.263942364901595
04124200,7,1.2784551274552785,0.8642652442941551,0.8355588158605722,0.4141898831611234,0.028706428433582842,51.263942364901595
04125460,1,0.7623425713432186,0.7359084718050469,0.5364728067214092,0.026434099538171663,0.19943566508363775,5.350131947932452
04125460,3,1.576421872266213,1.3795260042533017,1.2599707357276742,0.19689586801291137,0.11955526852562759,5.350131947932452
04125460,7,2.123091700275188,1.6082394602898236,1.5450792760728833,0.5148522399853646,0.06316018421694025,5.350131947932452
04137005,1,0.39736759252940973,0.3695113594024546,0.36223104894122266,0.02785623312695512,0.007280310461231954,21.45675501398106
04137005,3,0.9739672071497938,0.8490237293440003,0.7652776739174462,0.12494347780579351,0.08374605542655411,21.45675501398106
04137005,7,1.8289668902114216,1.4087113688104609,1.3052739582502668,0.4202555214009607,0.10343741056019407,21.45675501398106
04176500,1,0.6792901714357269,0.6537447535417038,0.4620798685281577,0.025545417894023092,0.19166488501354612,12.858905917849363
04176500,3,1.5975829755492852,1.4471284792041208,1.2683527929068537,0.1504544963451644,0.17877568629726714,12.858905917849363
04176500,7,2.5891573623318553,2.0635773792101353,1.926829682032003,0.52557998312172,0.1367476971781323,12.858905917849363
04208000,1,0.9977281779420034,0.962478874676127,0.6699469498322588,0.035249303265876386,0.29253192484386825,6.48143248922608
04208000,3,2.065435421247398,1.8177852436290378,1.6190526011152977,0.2476501776183604,0.19873264251374012,6.48143248922608
04208000,7,2.785268102168753,2.1028106531990765,2.0069578094510825,0.6824574489696764,0.09585284374799397,6.48143248922608
05054000,1,0.4576893468863299,0.41455005140169043,0.36896372662607085,0.04313929548463946,0.04558632477561958,29.807519683092774
05054000,3,1.150862709177495,0.9738217242297013,0.9031856586859467,0.17704098494779374,0.07063606554375457,29.807519683092774
05054000,7,2.1731433428046607,1.6057897367846623,1.509575404714595,0.5673536060199984,0.09621433207006724,29.807519683092774
05057000,1,0.8126633798960204,0.7779405246819069,0.5826828083209589,0.03472285521411356,0.19525771636094802,12.466750726113764
05057000,3,1.8039165754324145,1.6039222927914722,1.4818765824835836,0.1999942826409422,0.12204571030788869,12.466750726113764
05057000,7,2.7298083504219397,2.0713425135466514,1.997568125036582,0.6584658368752883,0.07377438851006946,12.466750726113764
05289800,1,0.8809521166933494,0.8424269130838689,0.7296461343854832,0.03852520360948053,0.11278077869838565,14.078952273506378
05289800,3,1.7904346539173552,1.5970930636001035,1.5206413232855072,0.19334159031725173,0.07645174031459634,14.078952273506378
05289800,7,2.713966304771833,2.076001509685103,1.9584450181234903,0.63796479508673,0.11755649156161296,14.078952273506378
05331833,1,0.9708169491122366,0.9301859362476786,0.8186345517579415,0.04063101286455795,0.11155138448973712,4.640615005215203
05331833,3,1.7872831440080093,1.5478205955725641,1.479548081113963,0.23946254843544512,0.06827251445860116,4.640615005215203
05331833,7,2.3954743569826213,1.7901665960913498,1.7414982598550124,0.6053077608912716,0.04866833623633737,4.640615005215203
05370000,1,0.47501267983257706,0.4467531200350556,0.444521042415304,0.028259559797521483,0.0022320776197515824,13.679415674455877
05370000,3,1.0370392401875048,0.8918542199583281,0.890406542697609,0.14518502022917668,0.001447677260719149,13.679415674455877
05370000,7,1.780982970308213,1.2849618981736688,1.229149923525367,0.49602107213454416,0.0558119746483019,13.679415674455877
05382255,1,0.7259300308042816,0.6965658864080194,0.6559616769142836,0.029364144396262226,0.04060420949373578,5.141101012311518
05382255,3,1.3702858049559379,1.1875986326617598,1.1472622850534029,0.18268717229417808,0.040336347608356915,5.141101012311518
05382255,7,1.9704527080518963,1.4367135339285588,1.4243230467953656,0.5337391741233375,0.01239048713319324,5.141101012311518
05382257,1,1.451085731970008,1.3471896882535215,1.3300849884786858,0.10389604371648642,0.01710469977483564,2.6417658984053722
05382257,3,2.220058549528537,1.8204547536419422,1.7820124224613019,0.399603795886595,0.03844233118064033,2.6417658984053722
05382257,7,2.571637815271358,1.9131220584606334,1.8825149504578227,0.6585157568107245,0.030607108002810746,2.6417658984053722
05406457,1,0.8130091893319293,0.7764128869428562,0.7871244968975734,0.03659630238907319,-0.010711609954717205,3.795984121797323
05406457,3,1.3075763395146067,1.137408045773296,1.136297797130261,0.1701682937413107,0.0011102486430349945,3.795984121797323
05406457,7,1.609126914113163,1.302990874171244,1.3089995430909378,0.30613603994191907,-0.006008668919693871,3.795984121797323
05458300,1,0.9529943202050469,0.9239533900070863,0.6786167754307552,0.029040930197960613,0.24533661457633116,9.29972748869896
05458300,3,2.1153430665941175,1.9144530494940482,1.741007679020398,0.20089001710006937,0.17344537047365005,9.29972748869896
05458300,7,3.0891771574948854,2.4246067179417503,2.257219928797098,0.6645704395531351,0.16738678914465233,9.29972748869896
05517000,1,0.9778348059821093,0.9506731943277678,0.6891309529643022,0.0271616116543415,0.2615422413634656,6.503354701379877
05517000,3,2.1381499040453904,1.8962859022638396,1.724264521110666,0.24186400178155076,0.17202138115317367,6.503354701379877
05517000,7,2.958808826927458,2.2893613904203622,2.210014542954497,0.6694474365070957,0.07934684746586518,6.503354701379877
06036805,1,0.9466473299007969,0.9050931975280739,0.8288504853150851,0.041554132372722985,0.07624271221298884,4.216880068949374
06036805,3,1.632789599780887,1.4184425143630277,1.3358382049405904,0.2143470854178593,0.08260430942243735,4.216880068949374
06036805,7,1.988235686284311,1.5700724607991126,1.481110069834822,0.41816322548519835,0.08896239096429048,4.216880068949374
06036905,1,1.096516840968133,1.0545068346053441,0.9645862756424216,0.04201000636278884,0.0899205589629225,3.5234180782697835
06036905,3,1.9991229957897945,1.7234531192323148,1.6546180909506756,0.27566987655747965,0.06883502828163923,3.5234180782697835
06036905,7,2.4161774817238757,1.9060749969528392,1.8425372784595597,0.5101024847710365,0.0635377184932795,3.5234180782697835
06036940,1,1.1937029599048272,1.1910774419580958,1.1677229822821602,0.0026255179467313816,0.023354459675935635,2.6189486732415617
06036940,3,1.9437313994567187,1.860931409629656,1.8182274892234391,0.0827999898270626,0.042703920406216955,2.6189486732415617
06036940,7,2.4051203664908836,2.2330059958095396,2.1316765605382035,0.17211437068134394,0.10132943527133609,2.6189486732415617
06041000,1,0.5480307625583096,0.5241854534851869,0.4340458394464619,0.023845309073122767,0.09013961403872495,13.422315899007145
06041000,3,1.281148291723169,1.1488828968142368,1.03478562449843,0.13226539490893208,0.11409727231580691,13.422315899007145
06041000,7,2.071343544423708,1.6263038189529888,1.5546139402802157,0.44503972547071924,0.0716898786727731,13.422315899007145
06623800,1,0.63287417915005,0.5929629128924014,0.593951074970972,0.039911266257648514,-0.0009881620785705536,4.627674133397484
06623800,3,1.0104669649484603,0.8309683183470775,0.8303294145551497,0.17949864660138282,0.0006389037919277696,4.627674133397484
06623800,7,1.4147368176196369,0.9214317844014738,0.9364776852385958,0.4933050332181631,-0.015045900837121984,4.627674133397484
06894000,1,0.9202378566612333,0.8872087140002263,0.5938918422689488,0.03302914266100698,0.2933168717312775,8.5852839868891
06894000,3,2.01892132576683,1.8005053101577455,1.5674889876337976,0.21841601560908463,0.23301632252394788,8.5852839868891
06894000,7,2.960367367398216,2.2765519985289204,2.1455367354484305,0.6838153688692956,0.13101526308048994,8.5852839868891
06934500,1,0.5062517987355332,0.4700198534285827,0.34749411232663363,0.03623194530695045,0.12252574110194908,29.893547646654426
06934500,3,1.241251815371396,1.0918232968835746,0.9461017632523123,0.14942851848782146,0.14572153363126228,29.893547646654426
06934500,7,2.1963525007686733,1.7154083205835113,1.5781091630955641,0.48094418018516194,0.1372991574879472,29.893547646654426
07106000,1,1.2778722957165458,1.1967968178194566,1.1579108314459086,0.08107547789708924,0.03888598637354801,2.403126586350616
07106000,3,2.1792269305266814,1.7651797417827142,1.7881471423862398,0.4140471887439672,-0.022967400603525645,2.403126586350616
07106000,7,2.53947740337343,1.832369242550246,1.8580684064704114,0.707108160823184,-0.025699163920165358,2.403126586350616
07178200,1,0.8709891972427972,0.8495885298082042,0.650116340726107,0.021400667434593013,0.19947218908209718,8.885726318450844
07178200,3,1.7790617367922616,1.6322200062338104,1.5075664516981326,0.1468417305584513,0.12465355453567772,8.885726318450844
07178200,7,2.623884630386209,2.131096731539167,2.0567367831326426,0.492787898847042,0.07435994840652427,8.885726318450844
07194880,1,0.8838547626763904,0.8392544200683849,0.7763857137929967,0.044600342608005494,0.06286870627538821,3.7914097827967153
07194880,3,1.4916532055190852,1.2918824238031117,1.2238559069031567,0.1997707817159735,0.06802651689995498,3.7914097827967153
07194880,7,1.8471224563125175,1.421633676657416,1.414707511168258,0.42548877965510146,0.0069261654891579205,3.7914097827967153
07332622,1,1.2507173180315965,1.2079006328560842,0.9944695494078757,0.04281668517551229,0.2134310834482085,4.646345849735418
07332622,3,2.4373988874328623,2.129647257142802,2.0008411911676514,0.30775163029006025,0.12880606597515065,4.646345849735418
07332622,7,3.2746435343612643,2.5027528944798125,2.426839743389187,0.7718906398814518,0.07591315109062569,4.646345849735418
08048000,1,0.8133373539590828,0.7935379895909308,0.6382533068248069,0.019799364368151995,0.15528468276612395,8.596422776457809
08048000,3,1.7135041282658852,1.5722435022618015,1.4794645154589177,0.14126062600408362,0.09277898680288388,8.596422776457809
08048000,7,2.5161231981484287,2.0594855954233315,1.980178746431822,0.4566376027250971,0.07930684899150964,8.596422776457809
08052700,1,1.5181829994807852,1.449408332155829,1.198230379900231,0.06877466732495607,0.25117795225559814,3.8396880020552704
08052700,3,2.9466408806863362,2.5115664472376986,2.376183372858451,0.4350744334486376,0.13538307437924768,3.8396880020552704
08052700,7,3.8080097007406897,2.830418748172017,2.7850369022106762,0.9775909525686726,0.04538184596134087,3.8396880020552704
08065350,1,0.6863957079282977,0.669278387676699,0.4725953735098357,0.017117320251598733,0.1966830141668633,13.943466052771026
08065350,3,1.6539417532432035,1.5335192165676235,1.3449448961193642,0.12042253667558,0.18857432044825928,13.943466052771026
08065350,7,2.7460081016646933,2.2939549958171046,2.1377027662854484,0.45205310584758873,0.15625222953165618,13.943466052771026
08070200,1,0.8814490274238728,0.8660710342298882,0.6577079795459608,0.015377993193984585,0.20836305468392735,7.7915046731293325
08070200,3,1.9548619128055043,1.784154873555499,1.6047017382071371,0.1707070392500052,0.17945313534836194,7.7915046731293325
08070200,7,2.9155861912095467,2.333834736692693,2.2226123801429045,0.5817514545168536,0.11122235654978851,7.7915046731293325
08123850,1,1.2824814924839019,1.2421806303720193,0.9524862054964739,0.04030086211188255,0.2896944248755454,3.6885819453045645
08123850,3,2.5753653095433218,2.204525070881887,2.0814579216282074,0.3708402386614349,0.12306714925367945,3.6885819453045645
08123850,7,3.3618386549698482,2.513089419213404,2.4904973034916527,0.8487492357564443,0.022592115721751238,3.6885819453045645
09136100,1,0.8254669936366782,0.7986755642031866,0.7304333780884162,0.026791429433491554,0.0682421861147704,6.438748440125166
09136100,3,1.431888310309567,1.2938843231431891,1.191009527554985,0.13800398716637785,0.10287479558820412,6.438748440125166
09136100,7,1.8199384357343646,1.5163640418831044,1.4102672128881169,0.3035743938512603,0.10609682899498751,6.438748440125166
09144250,1,0.6919672570646621,0.6707739907069289,0.5811598572747219,0.02119326635773322,0.08961413343220703,8.22961159883924
09144250,3,1.3131829840757772,1.190114672728105,1.0841742127286302,0.12306831134767227,0.10594045999947466,8.22961159883924
09144250,7,1.6977723487993648,1.3809641782904298,1.3133015347651322,0.31680817050893495,0.0676626435252976,8.22961159883924
09149500,1,0.8245767727946807,0.7851414921243475,0.6896544641454064,0.039435280670333195,0.09548702797894104,4.338690050124267
09149500,3,1.4435088964210756,1.2391630251160848,1.1389845421734757,0.20434587130499082,0.10017848294260912,4.338690050124267
09149500,7,1.7685778716642666,1.3489751098134382,1.3015751139314549,0.41960276185082845,0.04739999588198329,4.338690050124267
09163500,1,0.5834007907275244,0.55902258604024,0.42792021577971145,0.024378204687284355,0.13110237026052857,14.538136836259982
09163500,3,1.3073580146056913,1.1738395888675162,1.0187363171312762,0.13351842573817518,0.15510327173623994,14.538136836259982
09163500,7,1.9317204959197407,1.4902670644019527,1.372041175490361,0.44145343151778804,0.11822588891159169,14.538136836259982
09180000,1,0.7829038890999304,0.7565951339139676,0.6464802120728913,0.026308755185962762,0.1101149218410763,8.869179201589871
09180000,3,1.594566635211413,1.4257835127332987,1.275774621461866,0.16878312247811422,0.1500088912714328,8.869179201589871
09180000,7,2.1765575845810554,1.706302891582144,1.5885532814044727,0.4702546929989113,0.11774961017767138,8.869179201589871
09261000,1,0.6686284271918365,0.6433457333141811,0.5191824924960124,0.02528269387765536,0.12416324081816865,10.436166008011963
09261000,3,1.50091209830984,1.3447750596315056,1.194511416559926,0.1561370386783345,0.15026364307157958,10.436166008011963
09261000,7,2.186974764575059,1.6849871976622772,1.5815798690725285,0.5019875669127818,0.10340732858974877,10.436166008011963
09302000,1,0.7139146659385927,0.6880480687741437,0.6144963707610422,0.025866597164448946,0.07355169801310146,9.762823429479617
09302000,3,1.4647800450887056,1.3080342869538721,1.2027802965569632,0.1567457581348335,0.10525399039690897,9.762823429479617
09302000,7,2.112833642329022,1.636226485794709,1.5307435409279657,0.47660715653431307,0.10548294486674337,9.762823429479617
09380000,1,0.2943814367903807,0.3051687692558927,0.3005836742956262,-0.010787332465512,0.004585094960266489,22.78266211748623
09380000,3,0.5249408001303406,0.5736015600701521,0.5401313163383861,-0.04866075993981145,0.03347024373176599,22.78266211748623
09380000,7,0.7181624360730172,0.8995064669870025,0.8295286732713607,-0.18134403091398532,0.06997779371564183,22.78266211748623
10129900,1,0.7035623772861025,0.6796460599712076,0.638684842096895,0.023916317314894853,0.040961217874312617,7.980901707821022
10129900,3,1.3162136173188088,1.184217075590911,1.1367278935245724,0.13199654172789788,0.047489182066338564,7.980901707821022
10129900,7,1.711327265125285,1.3554775140235529,1.320449898808187,0.3558497511017322,0.035027615215365904,7.980901707821022
10301500,1,0.9722787225564732,0.9403814261172502,0.8237387445281122,0.03189729643922301,0.11664268158913793,4.743206145950187
10301500,3,1.893677173727076,1.6567314556079311,1.5738740924817496,0.23694571811914478,0.08285736312618153,4.743206145950187
10301500,7,2.5371615495359805,1.9416635543879612,1.908168149899501,0.5954979951480193,0.033495404488460334,4.743206145950187
10351600,1,0.7646805521579156,0.748177016875707,0.5402632074667266,0.016503535282208603,0.2079138094089804,8.020767042142928
10351600,3,1.653803640199672,1.4996607553298154,1.3132623626575437,0.15414288486985672,0.18639839267227165,8.020767042142928
10351600,7,2.1992415484814356,1.7991248432271643,1.6791864535608796,0.40011670525427134,0.11993838966628467,8.020767042142928
11262900,1,0.8822305979304569,0.8459723091664465,0.7106506304959627,0.03625828876401038,0.13532167867048384,5.615563665670835
11262900,3,1.745102696358975,1.5170968696308436,1.4168097089081408,0.22800582672813152,0.10028716072270272,5.615563665670835
11262900,7,2.1979135741380986,1.6556291265978353,1.5949529245398795,0.5422844475402633,0.060676202057955875,5.615563665670835
11467000,1,0.4820356077771934,0.47205904039987645,0.3809617644523406,0.009976567377316947,0.09109727594753586,8.677033248118931
11467000,3,1.0868469543744352,0.9944926837513615,0.9097377541743127,0.09235427062307378,0.08475492957704878,8.677033248118931
11467000,7,1.5820628143852948,1.2913727799017154,1.2536055240911972,0.29069003448357944,0.03776725581051821,8.677033248118931
11507500,1,0.6549906893975612,0.6323855426560443,0.4372530752290702,0.022605146741516924,0.1951324674269741,11.782485097312511
11507500,3,1.528573985998721,1.3884915427470383,1.2383680111439717,0.14008244325168273,0.15012353160306668,11.782485097312511
11507500,7,2.3868473784377895,1.909587204597886,1.8058499918077793,0.4772601738399036,0.10373721279010661,11.782485097312511
12056500,1,0.3841820941909616,0.3726127469511747,0.33152972769547534,0.01156934723978692,0.04108301925569935,11.132824666526728
12056500,3,0.6994900875311605,0.6394661830554534,0.6058162489662521,0.060023904475707046,0.03364993408920136,11.132824666526728
12056500,7,0.9980254843434408,0.8057160678933313,0.786753035370373,0.19230941645010957,0.01896303252295828,11.132824666526728
12115000,1,0.3246660701287848,0.3158725382541081,0.35744846480838494,0.008793531874676686,-0.04157592655427683,13.675012649662943
12115000,3,0.6004301585193225,0.5544758742396337,0.5978486426406492,0.04595428427968873,-0.04337276840101545,13.675012649662943
12115000,7,0.8523547210758413,0.702936282011982,0.7089540621426169,0.14941843906385932,-0.00601778013063492,13.675012649662943
12117600,1,0.40054806461880726,0.39098800730476274,0.4075849553253957,0.009560057314044523,-0.01659694802063294,8.423362654344134
12117600,3,0.7355942464522461,0.6795724720792141,0.6827598572736822,0.05602177437303202,-0.00318738519446804,8.423362654344134
12117600,7,1.021901691913052,0.8591801303319905,0.8378053703953736,0.16272156158106144,0.02137475993661686,8.423362654344134
12210700,1,0.6649792230703061,0.6432183625059493,0.584542732612714,0.021760860564356777,0.05867562989323527,6.159554137341121
12210700,3,1.210160377900865,1.084795940697686,1.036812490136194,0.12536443720317902,0.047983450561492,6.159554137341121
12210700,7,1.5700640257647445,1.247842021578354,1.2183895287116524,0.32222200418639035,0.029452492866701707,6.159554137341121
12212050,1,0.5902424077651536,0.5773704838183022,0.5152587073558632,0.012871923946851327,0.06211177646243904,6.879946074865422
12212050,3,1.1854365689826178,1.085468303911699,1.0309824299682937,0.09996826507091883,0.054485873943405316,6.879946074865422
12212050,7,1.6270435673145516,1.351052452852185,1.3266698093611222,0.27599111446236657,0.024382643491062783,6.879946074865422
12213100,1,0.7554413562158364,0.7319660647159373,0.6027597304235423,0.02347529149989913,0.12920633429239503,6.176670574589427
12213100,3,1.4005724324052107,1.2601366273763235,1.1699012217580853,0.1404358050288872,0.09023540561823817,6.176670574589427
12213100,7,1.7644901367446701,1.4608886539335995,1.4206016018437122,0.3036014828110707,0.040287052089887254,6.176670574589427
12363000,1,0.4924524934312801,0.4768576256486948,0.40823374687818026,0.015594867782585287,0.06862387877051457,7.802795582733825
12363000,3,0.9313828258085731,0.842933622539641,0.8023070619520212,0.08844920326893213,0.04062656058761982,7.802795582733825
12363000,7,1.3012315037824262,1.0453638147704587,1.0046292247539572,0.25586768901196755,0.04073459001650148,7.802795582733825
12398600,1,0.2957123724705514,0.2610424146751463,0.2823762089952517,0.034669957795405104,-0.021333794320105404,50.92554640786488
12398600,3,0.7573449890788427,0.6262896202062368,0.5860771872778705,0.13105536887260594,0.04021243292836629,50.92554640786488
12398600,7,1.4474247451657345,1.0447626645034718,0.9703540972513216,0.4026620806622627,0.07440856725215017,50.92554640786488
13018350,1,0.8524621051981298,0.8143798453749456,0.7205282145977016,0.03808225982318425,0.09385163077724401,4.676485792773013
13018350,3,1.6423258530925497,1.411248243914806,1.3384181463070448,0.23107760917774378,0.07283009760776116,4.676485792773013
13018350,7,1.999879158384928,1.4945503084751985,1.461706550219659,0.5053288499097295,0.032843758255539646,4.676485792773013
13154500,1,0.3119936536107533,0.3025887362513238,0.27334721292032144,0.009404917359429499,0.029241523331002384,19.730529627112116
13154500,3,0.7392018785527082,0.6853012276951288,0.5637636545261167,0.053900650857579446,0.12153757316901215,19.730529627112116
13154500,7,1.1043862868873744,0.9195532912584756,0.8430722515089332,0.18483299562889877,0.07648103974954246,19.730529627112116
13317660,1,0.3037998272596987,0.276069683506551,0.23453842403767874,0.027730143753147696,0.041531259468872234,23.44257945659312
13317660,3,0.7096147579204639,0.5881789355812069,0.5362573151142078,0.12143582233925698,0.05192162046699911,23.44257945659312
13317660,7,1.2057574785255991,0.7914111691901192,0.7767275515534808,0.4143463093354799,0.01468361763663839,23.44257945659312
13342500,1,0.49854448068525,0.4859841228940054,0.4249263289132996,0.012560357791244592,0.061057793980705766,9.632425576815631
13342500,3,1.005484025152178,0.9161355892142261,0.877137406766653,0.08934843593795183,0.03899818244757314,9.632425576815631
13342500,7,1.4479162277081474,1.174945281581073,1.1610220901790351,0.2729709461270744,0.013923191402037904,9.632425576815631
14091500,1,0.4420535411416429,0.41502158509919557,0.38259303106061693,0.027031956042447347,0.03242855403857864,2.589807813062719
14091500,3,0.7461316506192982,0.6125934300162852,0.6196269743520586,0.133538220603013,-0.007033544335773412,2.589807813062719
14091500,7,0.8621749174648348,0.6403421974277972,0.6473322454135249,0.22183272003703758,-0.006990047985727665,2.589807813062719
14150800,1,0.752582396349231,0.7339946910300927,0.5854755235786482,0.018587705319138226,0.14851916745144456,6.881131321585969
14150800,3,1.5222224568212028,1.3858868945671718,1.273826377668587,0.13633556225403098,0.11206051689858487,6.881131321585969
14150800,7,2.1108046999058088,1.7244850129150069,1.623192936568061,0.3863196869908019,0.10129207634694581,6.881131321585969
14151000,1,0.5546801584917591,0.5489709427097824,0.528906302545039,0.005709215781976695,0.020064640164743408,30.119431983487395
14151000,3,1.2238850807341475,1.1839078923655597,1.15329023763908,0.03997718836858777,0.030617654726479815,30.119431983487395
14151000,7,1.832552334350433,1.695732803907591,1.6615665526515817,0.13681953044284212,0.03416625125600925,30.119431983487395
14152000,1,0.36655009344641076,0.35762680591701496,0.34824565364271265,0.008923287529395807,0.009381152274302307,17.5087951263681
14152000,3,0.7362687796291536,0.6872062123217698,0.6684314068450949,0.049062567307383786,0.018774805476674872,17.5087951263681
14152000,7,1.1303774623930638,0.9604115308326319,0.931682245450095,0.16996593156043194,0.02872928538253683,17.5087951263681
14153500,1,0.26868481975222636,0.2556389590750665,0.26090017995353326,0.013045860677159848,-0.005261220878466755,50.54278103781844
14153500,3,0.6431352280422902,0.5871498570807795,0.5233303383226697,0.05598537096151068,0.06381951875810976,50.54278103781844
14153500,7,1.1256661636714413,0.9406008258336399,0.8842254940838865,0.18506533783780144,0.0563753317497534,50.54278103781844
14154500,1,0.6939857093027652,0.6801483368257186,0.5076054540745232,0.013837372477046528,0.17254288275119545,9.761541732766041
14154500,3,1.4837828187279514,1.3762944340860805,1.229666027509051,0.10748838464187083,0.14662840657702958,9.761541732766041
14154500,7,2.105340462742186,1.773269400390388,1.6540556180196013,0.33207106235179795,0.11921378237078661,9.761541732766041
14159500,1,0.33074417733952366,0.3216323076423145,0.35815001701379884,0.009111869697209174,-0.03651770937148435,20.769173914839357
14159500,3,0.6404570196129076,0.5935940628834439,0.6016686500009797,0.04686295672946372,-0.008074587117535836,20.769173914839357
14159500,7,1.0328120698577627,0.8666862624341684,0.8504549443329583,0.1661258074235944,0.016231318101210035,20.769173914839357
14161500,1,0.4791617158001808,0.46562489913976873,0.41707191688973183,0.013536816660412065,0.0485529822500369,9.829509063476596
14161500,3,0.9551160938375347,0.8766898024985159,0.8344789111196178,0.0784262913390188,0.04221089137889811,9.829509063476596
14161500,7,1.3770867307746626,1.127246048860024,1.0698045241213345,0.2498406819146386,0.057441524738689465,9.829509063476596
14179000,1,0.553383696197034,0.5411779619257322,0.4857088436251618,0.012205734271301782,0.055469118300570386,7.204587765758303
14179000,3,1.0212852357981255,0.945008469273211,0.9034054835592228,0.07627676652491444,0.04160298571398824,7.204587765758303
14179000,7,1.348107566504945,1.1612293519326768,1.1001856929933347,0.18687821457226805,0.06104365893934216,7.204587765758303
14185000,1,0.62694770710653,0.6098414660247259,0.48566407139057716,0.01710624108180414,0.12417739463414873,8.477200403969325
14185000,3,1.300593026721162,1.1861995809487293,1.0928616608425978,0.11439344577243271,0.09333792010613151,8.477200403969325
14185000,7,1.805208380902863,1.46614235374983,1.388741653683951,0.339066027153033,0.07740070006587896,8.477200403969325
14210000,1,0.34506766802397837,0.33084833443528344,0.3041520164716258,0.014219333588694927,0.026696317963657623,23.247215378122366
14210000,3,0.8098325392937903,0.7399111861012587,0.63076692344955,0.06992135319253157,0.10914426265170873,23.247215378122366
14210000,7,1.3175132001446794,1.0723909818659365,0.9930122306934662,0.24512221827874292,0.07937875117247029,23.247215378122366
14211499,1,0.8036117927140988,0.7799453830852375,0.6450560582152529,0.02366640962886124,0.13488932486998462,5.804645456955111
14211499,3,1.6148427721115728,1.441844649692279,1.3772900136739723,0.1729981224192938,0.06455463601830669,5.804645456955111
14211499,7,2.1934322985425245,1.7320029881005894,1.6754881911553294,0.46142931044193514,0.05651479694525996,5.804645456955111
14211500,1,0.8386291607971835,0.8144691624116873,0.6406389258891546,0.024159998385496206,0.1738302365225327,6.970956911071823
14211500,3,1.7585518890620202,1.5754866940396595,1.4780943930699162,0.18306519502236074,0.09739230096974327,6.970956911071823
14211500,7,2.4162052552761493,1.9105405337218635,1.8347199251947788,0.5056647215542858,0.07582060852708472,6.970956911071823
14320934,1,0.6006109561931723,0.5932177282917483,0.464740810051572,0.007393227901423938,0.12847691824017637,7.104898527144326
14320934,3,1.2372826489074267,1.1520319030800195,1.072978310497319,0.08525074582740721,0.0790535925827005,7.104898527144326
14320934,7,1.7898996083686063,1.5241150537842052,1.446084501765399,0.2657845545844011,0.07803055201880627,7.104898527144326
255534081324000,1,1.0111874435207924,0.9746684554578747,0.7954540419510718,0.036518988062917646,0.1792144135068029,5.315314473856548
255534081324000,3,2.1182421968494065,1.8423274530168847,1.7067171256281861,0.2759147438325218,0.1356103273886986,5.315314473856548
255534081324000,7,2.6478744829444643,2.020845374151775,1.9067444621976875,0.6270291087926894,0.11410091195408745,5.315314473856548
