arm,site_id,horizon,n,rmse,rmse_damped,lat,lon,nearest_km
random,01073319,1,970,0.6105493377649136,0.8651951495260531,43.04138889,-71.2016667,74.57772394423533
random,01073319,3,964,1.537887731230528,1.6954784612224687,43.04138889,-71.2016667,74.57772394423533
random,01073319,7,954,1.846951613917913,1.9502008964462099,43.04138889,-71.2016667,74.57772394423533
random,01104415,1,961,0.9586287592969635,1.0998904634706421,42.43592855,-71.2600567,7.092632447101872
random,01104415,3,950,1.5600406432374647,1.6189239592233977,42.43592855,-71.2600567,7.092632447101872
random,01104415,7,939,1.6789708457899213,1.714801669588012,42.43592855,-71.2600567,7.092632447101872
random,01104455,1,848,0.93161772530333,1.068682552072834,42.37259606,-71.27033448,2.0159393132116468
random,01104455,3,843,1.5296427429029766,1.5862934765408012,42.37259606,-71.27033448,2.0159393132116468
random,01104455,7,835,1.7217765259163973,1.7881272119187592,42.37259606,-71.27033448,2.0159393132116468
random,01104475,1,1086,0.820421131697329,0.972292717855064,42.3545408,-71.2681121,2.0159393132116468
random,01104475,3,1081,1.5242996206036394,1.5903798128180553,42.3545408,-71.2681121,2.0159393132116468
random,01104475,7,1076,1.7310120532147066,1.7982501675804587,42.3545408,-71.2681121,2.0159393132116468
random,01129500,1,1094,0.6247761946394497,0.830580774703894,44.74977166,-71.63120018,193.05532522799453
random,01129500,3,1092,1.420674716600971,1.5294140727914056,44.74977166,-71.63120018,193.05532522799453
random,01129500,7,1088,1.7447863557017493,1.7296505995210765,44.74977166,-71.63120018,193.05532522799453
random,01400500,1,979,0.6932499939652262,1.0138234584986572,40.55555556,-74.58277778,59.91940122128607
random,01400500,3,955,1.7613817583785878,1.8970121199155332,40.55555556,-74.58277778,59.91940122128607
random,01400500,7,952,2.085522289384934,2.1918352181266987,40.55555556,-74.58277778,59.91940122128607
random,01408029,1,891,0.8314636365099889,1.1328330084648963,40.14666667,-74.12222222,56.33366859518447
random,01408029,3,877,1.784811000378778,1.9367432991474924,40.14666667,-74.12222222,56.33366859518447
random,01408029,7,856,1.9894157097370526,2.064191359089246,40.14666667,-74.12222222,56.33366859518447
random,01425000,1,1072,0.4602848263913176,0.41446831825463926,42.07491667,-75.3958056,8.057729048745935
random,01425000,3,1065,0.8786594630974188,0.7178773089858194,42.07491667,-75.3958056,8.057729048745935
random,01425000,7,1056,1.120175270120515,0.9295271283921483,42.07491667,-75.3958056,8.057729048745935
random,01426500,1,932,0.7796841465349875,0.8161686494034504,42.00302778,-75.38352778,8.057729048745935
random,01426500,3,926,1.183156417715823,1.2447297729437687,42.00302778,-75.38352778,8.057729048745935
random,01426500,7,914,1.3526927035280876,1.4215717130158194,42.00302778,-75.38352778,8.057729048745935
random,01427207,1,1076,0.6804364596158521,0.9125108056031253,41.86727778,-75.21375,20.617353584831523
random,01427207,3,1070,1.4964396976655001,1.659952791887543,41.86727778,-75.21375,20.617353584831523
random,01427207,7,1063,1.8644881386368126,1.9220852282924805,41.86727778,-75.21375,20.617353584831523
random,01428500,1,1066,0.5672684418693271,0.8342469726889116,41.50875,-74.9860556,44.12273259973213
random,01428500,3,1059,1.5308112803640888,1.7305569858595156,41.50875,-74.9860556,44.12273259973213
random,01428500,7,1054,2.053910637004306,2.1841595216054865,41.50875,-74.9860556,44.12273259973213
random,01435000,1,12,1.0830501003203803,0.712170415137224,41.88994444,-74.5898056,51.71855595577281
random,01435000,3,7,2.8075205885445462,2.5851945782339687,41.88994444,-74.5898056,51.71855595577281
random,01435000,7,1,4.799248051449602,4.136505126953125,41.88994444,-74.5898056,51.71855595577281
random,01463500,1,1075,0.4810408087829713,0.6989113935416192,40.22166667,-74.77805556,56.33366859518447
random,01463500,3,1070,1.3185705494068187,1.5019591885039205,40.22166667,-74.77805556,56.33366859518447
random,01463500,7,1062,1.7922426420321815,1.9291789429757094,40.22166667,-74.77805556,56.33366859518447
random,01480617,1,1085,0.8142290089362573,1.064215731770837,39.9617734,-75.8013341,130.61864636571306
random,01480617,3,1080,1.6686202729808217,1.8170770378506829,39.9617734,-75.8013341,130.61864636571306
random,01480617,7,1076,1.875079976145235,1.9777178238676878,39.9617734,-75.8013341,130.61864636571306
random,01540500,1,930,0.45029371968529064,0.6301199993375718,40.95814218,-76.6191222,68.69114318850565
random,01540500,3,923,1.2178375043976315,1.386601248453056,40.95814218,-76.6191222,68.69114318850565
random,01540500,7,911,1.8381761662597373,1.904140964121197,40.95814218,-76.6191222,68.69114318850565
random,01542500,1,1087,0.6427296263773546,0.9101626774290246,41.11755906,-78.108896,67.91656532861874
random,01542500,3,1082,1.5931312382605285,1.7910236342707007,41.11755906,-78.108896,67.91656532861874
random,01542500,7,1078,2.0231870380459327,2.117164954722746,41.11755906,-78.108896,67.91656532861874
random,01549700,1,1081,0.6869513657934806,0.956641500685946,41.27361657,-77.3241186,67.91656532861874
random,01549700,3,1075,1.6952425078260431,1.893338383909806,41.27361657,-77.3241186,67.91656532861874
random,01549700,7,1068,2.183007211426677,2.2634441724956353,41.27361657,-77.3241186,67.91656532861874
random,01608500,1,10,0.6092701538698583,0.6093477002071963,39.44703879,-78.6541817,72.69936866860148
random,01608500,3,8,1.6194868265705242,1.2917620968184131,39.44703879,-78.6541817,72.69936866860148
random,01608500,7,4,1.0997182276473707,1.0698236370392493,39.44703879,-78.6541817,72.69936866860148
random,02110701,1,1049,0.6956748569756696,1.0301869304956057,33.86100349,-79.0411471,393.73334595302407
random,02110701,3,1047,1.7818328494666111,1.947188651861694,33.86100349,-79.0411471,393.73334595302407
random,02110701,7,1037,2.16514453090693,2.2268532913582213,33.86100349,-79.0411471,393.73334595302407
random,02176930,1,1053,0.8180135531834061,1.0132876443574677,34.97452778,-83.1161667,56.17536475540559
random,02176930,3,1048,1.6702655821555623,1.8070114955945131,34.97452778,-83.1161667,56.17536475540559
random,02176930,7,1040,1.936429833013504,2.0290809258671567,34.97452778,-83.1161667,56.17536475540559
random,02266300,1,1083,0.6365110992123525,0.8680007952330923,28.33278738,-81.579796,267.6455852764977
random,02266300,3,1078,1.444350615585559,1.610234289113458,28.33278738,-81.579796,267.6455852764977
random,02266300,7,1072,1.7456549983387144,1.878629124658557,28.33278738,-81.579796,267.6455852764977
random,02330450,1,1064,0.8047175845377976,0.9585154434120784,34.7009722,-83.72925,20.318417141351535
random,02330450,3,1058,1.5362930780050206,1.6383679054771474,34.7009722,-83.72925,20.318417141351535
random,02330450,7,1050,1.7611160690601113,1.8203129743340534,34.7009722,-83.72925,20.318417141351535
random,02334430,1,1094,0.26901406663618826,0.22301047998884405,34.15666667,-84.0784167,13.840337525425486
random,02334430,3,1092,0.3959217898400398,0.3621549223797569,34.15666667,-84.0784167,13.840337525425486
random,02334430,7,1088,0.6400708185440683,0.6094263811762219,34.15666667,-84.0784167,13.840337525425486
random,02334885,1,1094,0.6078874720934352,0.9371071726572936,34.0325,-84.08888889,13.840337525425486
random,02334885,3,1092,1.637600022930673,1.820788986580413,34.0325,-84.08888889,13.840337525425486
random,02334885,7,1088,2.0127385642593567,2.1011299147507176,34.0325,-84.08888889,13.840337525425486
random,02336120,1,1086,0.7537088841870846,1.0830796743129427,33.83155556,-84.3427778,6.1206281097623325
random,02336120,3,1082,1.774101519206834,1.9413370003366928,33.83155556,-84.3427778,6.1206281097623325
random,02336120,7,1080,2.1158640019158224,2.1758061280023955,33.83155556,-84.3427778,6.1206281097623325
random,02336300,1,1090,0.7847899370926085,1.1122901391520974,33.82030556,-84.40763889,6.1206281097623325
random,02336300,3,1086,1.8020232889373293,1.9973091119049318,33.82030556,-84.40763889,6.1206281097623325
random,02336300,7,1082,2.1621088282110335,2.253682235221023,33.82030556,-84.40763889,6.1206281097623325
random,02336728,1,1085,0.6908714721823349,0.8059388180339334,33.74352778,-84.5681667,23.01449372526782
random,02336728,3,1080,1.580565024132886,1.5757061574641826,33.74352778,-84.5681667,23.01449372526782
random,02336728,7,1076,2.130972247405255,2.3250434712380654,33.74352778,-84.5681667,23.01449372526782
random,02397000,1,1088,0.4574444459679042,0.63201559864793,34.2005,-85.25641667,81.3016767041595
random,02397000,3,1087,1.1575451554388618,1.3122262039339834,34.2005,-85.25641667,81.3016767041595
random,02397000,7,1082,1.531963239248499,1.6512573237427461,34.2005,-85.25641667,81.3016767041595
random,02455980,1,1051,0.7852965383794094,0.9784108054948517,33.71121273,-86.6961013,143.49774278158628
random,02455980,3,1039,1.470660783372767,1.6016430785049218,33.71121273,-86.6961013,143.49774278158628
random,02455980,7,1029,1.7482284292014771,1.7723548396570505,33.71121273,-86.6961013,143.49774278158628
random,02458450,1,1091,0.7884975179821239,0.9871112749056633,33.5176481,-86.87915889,167.97679510715872
random,02458450,3,1088,1.5206618585257015,1.6600251131210997,33.5176481,-86.87915889,167.97679510715872
random,02458450,7,1084,1.8386096779897834,1.8998197588130483,33.5176481,-86.87915889,167.97679510715872
random,02474560,1,1086,0.5369032525675285,0.7802506408098272,31.22166667,-89.0530556,485.6067672474321
random,02474560,3,1082,1.467367059680631,1.6686420854121184,31.22166667,-89.0530556,485.6067672474321
random,02474560,7,1074,2.2534910597937405,2.321535463269193,31.22166667,-89.0530556,485.6067672474321
random,03007800,1,1087,0.7500349160272984,1.0285713766964404,41.81867578,-78.29279129,100.85450869952119
random,03007800,3,1082,1.7682894709332908,1.9115785182768563,41.81867578,-78.29279129,100.85450869952119
random,03007800,7,1078,2.1369581344902193,2.186154441381454,41.81867578,-78.29279129,100.85450869952119
random,03034000,1,1060,0.7983068912690694,1.1005711431063088,40.93923105,-79.00836738,23.790493282830138
random,03034000,3,1058,1.8067409202678046,2.0156202600659485,40.93923105,-79.00836738,23.790493282830138
random,03034000,7,1054,2.1351976290718997,2.2686280053298873,40.93923105,-79.00836738,23.790493282830138
random,03036000,1,1079,0.531934370330161,0.49900397432382865,40.9275653,-79.2911508,23.790493282830138
random,03036000,3,1074,1.0431783405695434,1.056482290743322,40.9275653,-79.2911508,23.790493282830138
random,03036000,7,1070,1.4396602160616006,1.5085940797209514,40.9275653,-79.2911508,23.790493282830138
random,03047000,1,1090,0.5845837124856784,0.6174958319519243,40.45888889,-79.4494444,53.796068594102806
random,03047000,3,1088,1.2755405249503322,1.4222589399185201,40.45888889,-79.4494444,53.796068594102806
random,03047000,7,1085,1.7801288149451961,1.9849489636007447,40.45888889,-79.4494444,53.796068594102806
random,03077500,1,1024,0.2980158126731503,0.23720200932554325,39.80535485,-79.3642019,72.69936866860148
random,03077500,3,1019,0.5513809080439636,0.4329552873554376,39.80535485,-79.3642019,72.69936866860148
random,03077500,7,1010,0.7659925144870711,0.6215186391613529,39.80535485,-79.3642019,72.69936866860148
random,03105500,1,1086,0.6978376318506442,0.9715499067834682,40.88867389,-80.3370083,87.99626704502228
random,03105500,3,1082,1.6412206336524005,1.8813453506340985,40.88867389,-80.3370083,87.99626704502228
random,03105500,7,1078,2.0518432319069086,2.1926766187990685,40.88867389,-80.3370083,87.99626704502228
random,03106000,1,1041,0.7233818122509698,1.0850985520420582,40.8170092,-80.2422837,80.91231621362806
random,03106000,3,1034,1.8512421921308735,2.1216027955415995,40.8170092,-80.2422837,80.91231621362806
random,03106000,7,1023,2.3125662679289483,2.446528858944922,40.8170092,-80.2422837,80.91231621362806
random,03301900,1,1068,0.9221918645038516,1.1565853684336038,38.1756242,-85.615237,204.62590406359996
random,03301900,3,1063,1.7922610806272046,1.912289756166596,38.1756242,-85.615237,204.62590406359996
random,03301900,7,1055,2.0236844620851215,2.1254909081850277,38.1756242,-85.615237,204.62590406359996
random,03353200,1,1073,0.8442032238000786,1.1910193225578831,39.94642217,-86.260249,153.85615201546517
random,03353200,3,1070,1.9466739368809636,2.156132840858071,39.94642217,-86.260249,153.85615201546517
random,03353200,7,1066,2.2977625229984917,2.401282823087195,39.94642217,-86.260249,153.85615201546517
random,03456991,1,1077,0.7733477938691644,0.9675275074802406,35.52194444,-82.8480556,65.55839566772998
random,03456991,3,1069,1.519402259791473,1.676450964191785,35.52194444,-82.8480556,65.55839566772998
random,03456991,7,1060,1.8342600953621446,1.9337604485291087,35.52194444,-82.8480556,65.55839566772998
random,04027000,1,1061,0.663802551252593,0.9574089188706634,46.4866144,-90.696297,59.92976224081903
random,04027000,3,1054,1.6161231731635162,1.79725618583666,46.4866144,-90.696297,59.92976224081903
random,04027000,7,1047,1.9923109006167103,2.116484509446925,46.4866144,-90.696297,59.92976224081903
random,04043238,1,1081,0.7884468393185933,0.9262041542265627,46.78214818,-87.8776299,1.9660966507268771
random,04043238,3,1076,1.4551525163368257,1.5230387915322627,46.78214818,-87.8776299,1.9660966507268771
random,04043238,7,1071,1.751973117847345,1.7576481164811935,46.78214818,-87.8776299,1.9660966507268771
random,04043244,1,1083,0.7905510264951319,0.9157555791030636,46.7857589,-87.8523522,1.9660966507268771
random,04043244,3,1079,1.4101268136201945,1.4606398604322328,46.7857589,-87.8523522,1.9660966507268771
random,04043244,7,1071,1.6727839404354654,1.6724304966842742,46.7857589,-87.8523522,1.9660966507268771
random,04067500,1,1050,0.4649388896661099,0.6059700776541097,45.3258333,-87.6633333,162.77679833200708
random,04067500,3,1042,1.2222224892513642,1.294167959976142,45.3258333,-87.6633333,162.77679833200708
random,04067500,7,1028,1.7185532052156174,1.8571845395615016,45.3258333,-87.6633333,162.77679833200708
random,04077630,1,1094,0.6515013293762397,0.8764187198069713,44.8980311,-88.8442729,175.54867967289738
random,04077630,3,1092,1.5068478272681272,1.654530638118966,44.8980311,-88.8442729,175.54867967289738
random,04077630,7,1088,1.8526262489124083,1.9832163909995628,44.8980311,-88.8442729,175.54867967289738
random,04124200,1,1092,0.27757877308385825,0.20695469355007853,44.3630596,-85.820905,19.305753042586385
random,04124200,3,1090,0.6041823142528436,0.4735164488252994,44.3630596,-85.820905,19.305753042586385
random,04124200,7,1086,0.8560639435317212,0.8642652507215594,44.3630596,-85.820905,19.305753042586385
random,04125460,1,1089,0.5652999305725428,0.7359084803850274,44.19334009,-85.7697863,19.305753042586385
random,04125460,3,1085,1.3059625841916755,1.3795260220539198,44.19334009,-85.7697863,19.305753042586385
random,04125460,7,1080,1.588909356109454,1.6082394812560001,44.19334009,-85.7697863,19.305753042586385
random,04137005,1,1091,0.36560938157536654,0.3695113567805418,44.56084749,-83.802764,161.58081812775816
random,04137005,3,1088,0.8596770199826747,0.8490237251864143,44.56084749,-83.802764,161.58081812775816
random,04137005,7,1084,1.3164937619431905,1.4087113734566759,44.56084749,-83.802764,161.58081812775816
random,04176500,1,1087,0.46148215708844026,0.6537447658164659,41.9605671,-83.5309896,169.9361821637188
random,04176500,3,1083,1.2900940831569654,1.4471285030456005,41.9605671,-83.5309896,169.9361821637188
random,04176500,7,1076,1.871736704752664,2.063577403689685,41.9605671,-83.5309896,169.9361821637188
random,04208000,1,1040,0.6611634607174063,0.9624788763054081,41.39533087,-81.6298478,122.04048613665948
random,04208000,3,1021,1.6219621793607526,1.8177852489506663,41.39533087,-81.6298478,122.04048613665948
random,04208000,7,1008,1.9877973318333078,2.1028106357638925,41.39533087,-81.6298478,122.04048613665948
random,05054000,1,1076,0.36195917268972927,0.4145500671493766,46.861111,-96.783333,350.8921951301269
random,05054000,3,1068,1.0136148769992026,0.9738217249664135,46.861111,-96.783333,350.8921951301269
random,05054000,7,1058,1.7145355843184071,1.6057897410353075,46.861111,-96.783333,350.8921951301269
random,05057000,1,1067,0.5402810371450545,0.7779405164048517,47.432778,-98.027222,464.3568676871779
random,05057000,3,1062,1.4794400401313372,1.6039222780316638,47.432778,-98.027222,464.3568676871779
random,05057000,7,1052,2.0635009692257884,2.0713425091519366,47.432778,-98.027222,464.3568676871779
random,05289800,1,887,0.7314197170869712,0.8424269030289553,44.91550278,-93.21293889,77.10045408809405
random,05289800,3,861,1.5268389217919571,1.5970930547277855,44.91550278,-93.21293889,77.10045408809405
random,05289800,7,832,1.9498643496240626,2.0760014962909143,44.91550278,-93.21293889,77.10045408809405
random,05331833,1,1042,0.815815967191914,0.930185949353233,46.1713687,-91.3293778,59.92976224081903
random,05331833,3,1034,1.499995394915031,1.5478205957721312,46.1713687,-91.3293778,59.92976224081903
random,05331833,7,1022,1.7579985349693255,1.7901665943519505,46.1713687,-91.3293778,59.92976224081903
random,05370000,1,1091,0.43947796177333087,0.4467531152014852,44.85277778,-92.2383333,77.10045408809405
random,05370000,3,1088,0.9366414224884194,0.8918542115231503,44.85277778,-92.2383333,77.10045408809405
random,05370000,7,1084,1.208529972124623,1.28496190411199,44.85277778,-92.2383333,77.10045408809405
random,05382255,1,1094,0.6391872767218153,0.6965658775536036,43.99388889,-90.6572222,127.96246877592006
random,05382255,3,1092,1.1435386811228518,1.1875986236938656,43.99388889,-90.6572222,127.96246877592006
random,05382255,7,1088,1.4424034073253749,1.4367135233418153,43.99388889,-90.6572222,127.96246877592006
random,05382257,1,1085,1.3198460013831972,1.3471896774153633,44.00055556,-90.6811111,129.7650727153726
random,05382257,3,1082,1.8133582331510356,1.82045473758501,44.00055556,-90.6811111,129.7650727153726
random,05382257,7,1078,1.9228675596332976,1.9131220387690975,44.00055556,-90.6811111,129.7650727153726
random,05406457,1,996,0.7741762186812621,0.7764128737480948,43.1097222,-89.6408333,127.96246877592006
random,05406457,3,983,1.1443876970761813,1.137408028446832,43.1097222,-89.6408333,127.96246877592006
random,05406457,7,971,1.2949249606255047,1.3029908585697862,43.1097222,-89.6408333,127.96246877592006
random,05458300,1,1060,0.6288667285652014,0.9239533579420476,42.7372222,-92.4700917,201.5968094750702
random,05458300,3,1050,1.7227386804180014,1.9144530219325706,42.7372222,-92.4700917,201.5968094750702
random,05458300,7,1038,2.2827984030439805,2.424606699710007,42.7372222,-92.4700917,201.5968094750702
random,05517000,1,1094,0.6584616468407776,0.9506732069180874,41.30279685,-86.62053829,153.85615201546517
random,05517000,3,1092,1.6883074253956833,1.8962859107626342,41.30279685,-86.62053829,153.85615201546517
random,05517000,7,1088,2.168468492724384,2.2893613910148143,41.30279685,-86.62053829,153.85615201546517
random,06036805,1,1091,0.8489030744320907,0.9050931974135019,44.4593333,-110.8222722,18.181766752054493
random,06036805,3,1088,1.3737727151341115,1.4184425153488662,44.4593333,-110.8222722,18.181766752054493
random,06036805,7,1084,1.5312859006682824,1.5700724705603781,44.4593333,-110.8222722,18.181766752054493
random,06036905,1,1094,0.9729795380153954,1.0545068283459427,44.6201833,-110.8635028,17.255154460800174
random,06036905,3,1092,1.7087880900765147,1.723453101567283,44.6201833,-110.8635028,17.255154460800174
random,06036905,7,1088,1.8549588798400873,1.9060749872148708,44.6201833,-110.8635028,17.255154460800174
random,06036940,1,1092,1.123699032350066,1.1910774372968416,44.732725,-110.7132528,17.255154460800174
random,06036940,3,1090,1.7251700867997366,1.8609314032674245,44.732725,-110.7132528,17.255154460800174
random,06036940,7,1086,1.9774242732150036,2.2330059968197062,44.732725,-110.7132528,17.255154460800174
random,06041000,1,1066,0.4195838532508992,0.5241854547320033,45.490231,-111.634506,114.13649169398718
random,06041000,3,1059,1.0282780534826064,1.1488828919866125,45.490231,-111.634506,114.13649169398718
random,06041000,7,1056,1.5169699435868007,1.626303817862632,45.490231,-111.634506,114.13649169398718
random,06623800,1,925,0.5862533767845056,0.5929629152272327,41.02356508,-106.8248049,214.33832923285846
random,06623800,3,920,0.8396633394724088,0.8309683145333414,41.02356508,-106.8248049,214.33832923285846
random,06623800,7,912,1.1221664751452067,0.9214317813903994,41.02356508,-106.8248049,214.33832923285846
random,06894000,1,1072,0.5833439587943632,0.8872086983130341,39.1005609,-94.3005038,251.42159768886808
random,06894000,3,1064,1.5866544819983397,1.800505293174668,39.1005609,-94.3005038,251.42159768886808
random,06894000,7,1057,2.1239413995528373,2.2765519833784973,39.1005609,-94.3005038,251.42159768886808
random,06934500,1,887,0.3653613166549987,0.47001982445632245,38.70980556,-91.4385,251.42159768886808
random,06934500,3,864,1.0242630818840572,1.091823269848303,38.70980556,-91.4385,251.42159768886808
random,06934500,7,840,1.5340587796153926,1.7154083206294215,38.70980556,-91.4385,251.42159768886808
random,07106000,1,896,1.2107338362367648,1.196796820750283,38.6016647,-104.6702503,296.4439231157447
random,07106000,3,866,1.8763941738169254,1.765179746351686,38.6016647,-104.6702503,296.4439231157447
random,07106000,7,844,1.8664124182185875,1.8323692479147822,38.6016647,-104.6702503,296.4439231157447
random,07178200,1,929,0.6363811990867322,0.8495885162372215,36.2231514,-95.8194322,142.84943026203587
random,07178200,3,907,1.536566983497394,1.6322200000173452,36.2231514,-95.8194322,142.84943026203587
random,07178200,7,893,2.052712570181681,2.131096718644856,36.2231514,-95.8194322,142.84943026203587
random,07194880,1,517,0.790076516860578,0.8392544129559155,36.2814592,-94.227997,142.84943026203587
random,07194880,3,513,1.2617052046425583,1.2918824246534455,36.2814592,-94.227997,142.84943026203587
random,07194880,7,505,1.4459866691532626,1.4216336864077328,36.2814592,-94.227997,142.84943026203587
random,07332622,1,878,0.9103545388580202,1.2079006447329053,33.74416667,-95.9611111,100.42315933885733
random,07332622,3,865,1.9231875175164581,2.129647262678944,33.74416667,-95.9611111,100.42315933885733
random,07332622,7,848,2.441377233332365,2.5027528882554,33.74416667,-95.9611111,100.42315933885733
random,08048000,1,850,0.6470071155869596,0.7935379898398505,32.76096337,-97.3325167,71.10653431002382
random,08048000,3,830,1.5386863238182635,1.5722434974526347,32.76096337,-97.3325167,71.10653431002382
random,08048000,7,799,2.0135429836946765,2.05948559945578,32.76096337,-97.3325167,71.10653431002382
random,08052700,1,789,1.1074009451544862,1.4494083301901115,33.28344977,-96.8927805,71.10653431002382
random,08052700,3,754,2.3568296366969936,2.5115664265006585,33.28344977,-96.8927805,71.10653431002382
random,08052700,7,736,2.8085418496072916,2.830418713168912,33.28344977,-96.8927805,71.10653431002382
random,08065350,1,913,0.5678771587747253,0.6692783980428594,31.33851319,-95.6563407,142.08448308106455
random,08065350,3,898,1.4683529887895306,1.5335192301520293,31.33851319,-95.6563407,142.08448308106455
random,08065350,7,874,2.3661013810999836,2.2939550088432243,31.33851319,-95.6563407,142.08448308106455
random,08070200,1,1050,0.6753952884562555,0.8660710237391259,30.14523056,-95.1246139,142.08448308106455
random,08070200,3,1037,1.674852232009038,1.7841548696529312,30.14523056,-95.1246139,142.08448308106455
random,08070200,7,1027,2.2743418554445016,2.3338347189841144,30.14523056,-95.1246139,142.08448308106455
random,08123850,1,767,0.9168228581185544,1.2421806359837104,32.05374399,-100.762052,331.40270771662864
random,08123850,3,754,2.105131840156023,2.20452508224025,32.05374399,-100.762052,331.40270771662864
random,08123850,7,735,2.494155119504983,2.513089430799933,32.05374399,-100.762052,331.40270771662864
random,09136100,1,1089,0.7360115285234016,0.7986755774641804,38.78516667,-107.8334167,21.948231945532136
random,09136100,3,1085,1.2544863609779018,1.2938843290728919,38.78516667,-107.8334167,21.948231945532136
random,09136100,7,1080,1.481250164324798,1.5163640425459004,38.78516667,-107.8334167,21.948231945532136
random,09144250,1,1092,0.580131693420617,0.6707739851185889,38.75303944,-108.078403,1.2460057571323297
random,09144250,3,1090,1.1351181224580207,1.1901146662196354,38.75303944,-108.078403,1.2460057571323297
random,09144250,7,1086,1.3948931657969077,1.380964172941188,38.75303944,-108.078403,1.2460057571323297
random,09149500,1,1094,0.6858918803470687,0.7851414925065086,38.74194444,-108.08041667,1.2460057571323297
random,09149500,3,1092,1.1787154062280625,1.2391630209647737,38.74194444,-108.08041667,1.2460057571323297
random,09149500,7,1088,1.3291296480326205,1.3489751010292164,38.74194444,-108.08041667,1.2460057571323297
random,09163500,1,1094,0.43022497152211353,0.5590226046725831,39.1327434,-109.02707585,40.03859514218448
random,09163500,3,1092,1.0574242036077186,1.173839601226537,39.1327434,-109.02707585,40.03859514218448
random,09163500,7,1088,1.4510441236068956,1.4902670702206275,39.1327434,-109.02707585,40.03859514218448
random,09180000,1,1089,0.6609087184963678,0.7565951240957696,38.79720805,-109.1951142,40.03859514218448
random,09180000,3,1086,1.3531278648193978,1.4257835095006275,38.79720805,-109.1951142,40.03859514218448
random,09180000,7,1082,1.690778356829051,1.7063028962984665,38.79720805,-109.1951142,40.03859514218448
random,09261000,1,1032,0.5345350797705468,0.6433457293657308,40.40871944,-109.23523611,51.29803061161221
random,09261000,3,1023,1.1892489056536408,1.3447750488950956,40.40871944,-109.23523611,51.29803061161221
random,09261000,7,1011,1.5906394818832132,1.6849871980482274,40.40871944,-109.23523611,51.29803061161221
random,09302000,1,1074,0.6091912610507031,0.6880480552580194,40.21027778,-109.7813889,51.29803061161221
random,09302000,3,1068,1.2068510735423126,1.3080342730616195,40.21027778,-109.7813889,51.29803061161221
random,09302000,7,1060,1.7144748621104864,1.6362264836287745,40.21027778,-109.7813889,51.29803061161221
random,09380000,1,1069,0.37488003303360384,0.30516876272093085,36.86433333,-111.58787222,300.5645500799014
random,09380000,3,1066,0.9787964376017374,0.5736015547252462,36.86433333,-111.58787222,300.5645500799014
random,09380000,7,1063,2.529161784947387,0.8995064617303595,36.86433333,-111.58787222,300.5645500799014
random,10129900,1,1076,0.6275371030101708,0.6796460621434306,40.73522634,-111.4760313,154.77133269480143
random,10129900,3,1071,1.1099451694752946,1.1842170760526545,40.73522634,-111.4760313,154.77133269480143
random,10129900,7,1067,1.317859827245377,1.3554775222792164,40.73522634,-111.4760313,154.77133269480143
random,10301500,1,1074,0.8008375243555821,0.9403814138612819,39.1524611,-119.0988889,56.352888059462984
random,10301500,3,1066,1.5779404499694478,1.656731439394714,39.1524611,-119.0988889,56.352888059462984
random,10301500,7,1060,1.8657145195790772,1.9416635476356285,39.1524611,-119.0988889,56.352888059462984
random,10351600,1,1062,0.5357572652724496,0.7481770233621964,39.58463448,-119.4412872,56.352888059462984
random,10351600,3,1052,1.3242762248437316,1.4996607667165436,39.58463448,-119.4412872,56.352888059462984
random,10351600,7,1037,1.6899695882603802,1.799124850702797,39.58463448,-119.4412872,56.352888059462984
random,11262900,1,659,0.6953505935512314,0.8459722925849624,37.26241267,-120.9065536,225.06908768729056
random,11262900,3,652,1.4261414032876227,1.5170968674669625,37.26241267,-120.9065536,225.06908768729056
random,11262900,7,643,1.6164131549618885,1.6556291505018397,37.26241267,-120.9065536,225.06908768729056
random,11467000,1,1094,0.37575243829882105,0.47205904171358964,38.50848204,-122.9277345,225.06908768729056
random,11467000,3,1092,0.943158693269266,0.9944926863096243,38.50848204,-122.9277345,225.06908768729056
random,11467000,7,1088,1.270692591391833,1.2913727980038434,38.50848204,-122.9277345,225.06908768729056
random,11507500,1,1094,0.43346973308530456,0.6323855353203107,42.22347795,-121.7941708,189.68487603851653
random,11507500,3,1092,1.2724615545257723,1.388491546976527,42.22347795,-121.7941708,189.68487603851653
random,11507500,7,1088,1.7710853678089822,1.9095872051911527,42.22347795,-121.7941708,189.68487603851653
random,12056500,1,1069,0.3404627050159639,0.372612752065973,47.51425666,-123.3298868,102.35037995092496
random,12056500,3,1065,0.6128255301693394,0.6394661836454777,47.51425666,-123.3298868,102.35037995092496
random,12056500,7,1057,0.7967179251758782,0.8057160677831139,47.51425666,-123.3298868,102.35037995092496
random,12115000,1,1017,0.30473827603398734,0.31587253672934423,47.3701073,-121.6251009,27.00431916667248
random,12115000,3,1007,0.5578862538555632,0.5544758755069967,47.3701073,-121.6251009,27.00431916667248
random,12115000,7,991,0.7301404101520325,0.7029362783748442,47.3701073,-121.6251009,27.00431916667248
random,12117600,1,1094,0.3642944936697983,0.3909880071692593,47.3795458,-121.983448,27.00431916667248
random,12117600,3,1092,0.6690001530290752,0.6795724774112216,47.3795458,-121.983448,27.00431916667248
random,12117600,7,1088,0.827472918995582,0.8591801372903454,47.3795458,-121.983448,27.00431916667248
random,12210700,1,983,0.5842481647284447,0.6432183573998963,48.84174,-122.2943049,21.591347026836374
random,12210700,3,967,1.068161086353988,1.0847959342363378,48.84174,-122.2943049,21.591347026836374
random,12210700,7,941,1.2330814535947008,1.247842002465364,48.84174,-122.2943049,21.591347026836374
random,12212050,1,979,0.5061135724833452,0.5773704845534148,48.9386827,-122.4790353,13.190823684800618
random,12212050,3,962,1.059240765359226,1.0854683040636668,48.9386827,-122.4790353,13.190823684800618
random,12212050,7,938,1.3343157287475529,1.3510524473470322,48.9386827,-122.4790353,13.190823684800618
random,12213100,1,1041,0.6192168410217357,0.73196605831524,48.84479237,-122.5893141,13.190823684800618
random,12213100,3,1023,1.2020636157714055,1.2601366275562713,48.84479237,-122.5893141,13.190823684800618
random,12213100,7,1013,1.4154891389745015,1.4608886585630338,48.84479237,-122.5893141,13.190823684800618
random,12363000,1,1056,0.4223147661948864,0.4768576317428637,48.3618111,-114.18495,243.15570406402867
random,12363000,3,1057,0.8299620153166731,0.8429336285762853,48.3618111,-114.18495,243.15570406402867
random,12363000,7,1052,1.022359630419223,1.045363820388203,48.3618111,-114.18495,243.15570406402867
random,12398600,1,1061,0.3297850897056955,0.26104241192134897,48.99881409,-117.3535794,243.15570406402867
random,12398600,3,1050,0.771554394283067,0.6262896181010469,48.99881409,-117.3535794,243.15570406402867
random,12398600,7,1042,1.1850795432034884,1.044762659616867,48.99881409,-117.3535794,243.15570406402867
random,13018350,1,1067,0.7095473179627348,0.8143798474529759,43.4583611,-110.7970278,129.29794989942354
random,13018350,3,1063,1.3230493376314207,1.4112482471621413,43.4583611,-110.7970278,129.29794989942354
random,13018350,7,1055,1.4500466591730403,1.4945503039123884,43.4583611,-110.7970278,129.29794989942354
random,13154500,1,1094,0.29104058401156346,0.3025887295253432,43.0022222,-115.2025,360.291934067682
random,13154500,3,1092,0.6373417039061411,0.6853012264321914,43.0022222,-115.2025,360.291934067682
random,13154500,7,1088,0.8847350288274457,0.9195533139010952,43.0022222,-115.2025,360.291934067682
random,13317660,1,1094,0.2370639685222164,0.2760696769896605,46.00305556,-116.9169444,49.98842594366301
random,13317660,3,1092,0.5817821526566285,0.5881789380926988,46.00305556,-116.9169444,49.98842594366301
random,13317660,7,1088,0.826546480100108,0.7914111670712809,46.00305556,-116.9169444,49.98842594366301
random,13342500,1,1094,0.4172085670791706,0.48598412536193814,46.4483333,-116.8275,49.98842594366301
random,13342500,3,1092,0.8797011118086372,0.9161355977512029,46.4483333,-116.8275,49.98842594366301
random,13342500,7,1088,1.1804435195601317,1.1749452839543533,46.4483333,-116.8275,49.98842594366301
random,14091500,1,1094,0.3857277784516405,0.4150215844282777,44.6262275,-121.4839433,52.89135404708799
random,14091500,3,1092,0.6520572204331878,0.6125934280395622,44.6262275,-121.4839433,52.89135404708799
random,14091500,7,1088,0.6907938956096036,0.6403421927263184,44.6262275,-121.4839433,52.89135404708799
random,14150800,1,1094,0.5945533204311498,0.7339946814951849,43.9142924,-122.6886762,19.73285761709547
random,14150800,3,1092,1.3135391721433147,1.3858868891559888,43.9142924,-122.6886762,19.73285761709547
random,14150800,7,1088,1.6752781736668394,1.7244849922686867,43.9142924,-122.6886762,19.73285761709547
random,14151000,1,1073,0.5697479272659544,0.5489709496604154,43.94429299,-122.774794,12.083287553917401
random,14151000,3,1064,1.3596556921656615,1.1839078955780888,43.94429299,-122.774794,12.083287553917401
random,14151000,7,1056,2.1469906682412563,1.6957328067082247,43.94429299,-122.774794,12.083287553917401
random,14152000,1,1092,0.3480132592682505,0.3576268000231941,43.99818166,-122.9059126,12.083287553917401
random,14152000,3,1090,0.7154447125090025,0.6872062169783465,43.99818166,-122.9059126,12.083287553917401
random,14152000,7,1086,1.0213241996812294,0.9604115336569083,43.99818166,-122.9059126,12.083287553917401
random,14153500,1,1086,0.310815715739562,0.2556389522527317,43.72067785,-123.0497994,32.94298961917823
random,14153500,3,1082,0.8085163160791297,0.587149853965055,43.72067785,-123.0497994,32.94298961917823
random,14153500,7,1078,1.35750819418569,0.940600823223667,43.72067785,-123.0497994,32.94298961917823
random,14154500,1,1089,0.5175080972669939,0.6801483439154906,43.73527778,-122.8744444,29.34222204247538
random,14154500,3,1086,1.273736473797047,1.3762944311247352,43.73527778,-122.8744444,29.34222204247538
random,14154500,7,1082,1.7072113756508651,1.7732693876216392,43.73527778,-122.8744444,29.34222204247538
random,14159500,1,1085,0.34612293384059634,0.32163229991758713,44.13595817,-122.248391,8.212344455990404
random,14159500,3,1080,0.6516392286332932,0.5935940524996529,44.13595817,-122.248391,8.212344455990404
random,14159500,7,1076,0.9445004506193676,0.8666862454571094,44.13595817,-122.248391,8.212344455990404
random,14161500,1,1089,0.4122615978985369,0.46562490620661223,44.2095708,-122.256733,8.212344455990404
random,14161500,3,1086,0.8368228588877643,0.8766898105523725,44.2095708,-122.256733,8.212344455990404
random,14161500,7,1082,1.0877173431057006,1.1272460444863144,44.2095708,-122.256733,8.212344455990404
random,14179000,1,985,0.48150163706108234,0.5411779591915769,44.75262179,-122.1289648,49.62217868670053
random,14179000,3,979,0.9225332244378316,0.9450084583551237,44.75262179,-122.1289648,49.62217868670053
random,14179000,7,967,1.1674233947387944,1.1612293445520396,44.75262179,-122.1289648,49.62217868670053
random,14185000,1,1025,0.49650385298999916,0.6098414614925018,44.39179225,-122.4975817,27.89120973372821
random,14185000,3,1018,1.1103010322042735,1.186199583537422,44.39179225,-122.4975817,27.89120973372821
random,14185000,7,1006,1.4266141132810624,1.4661423642818376,44.39179225,-122.4975817,27.89120973372821
random,14210000,1,1088,0.31700668691208506,0.3308483270949652,45.29984346,-122.3539746,22.679495402965056
random,14210000,3,1086,0.7105329732227325,0.7399111827879581,45.29984346,-122.3539746,22.679495402965056
random,14210000,7,1082,1.0547810226992684,1.0723909871037496,45.29984346,-122.3539746,22.679495402965056
random,14211499,1,1086,0.6486774306394121,0.7799453869687841,45.4767869,-122.4984239,22.679495402965056
random,14211499,3,1082,1.4064320416391907,1.4418446605367636,45.4767869,-122.4984239,22.679495402965056
random,14211499,7,1074,1.6972839354593803,1.7320029980607676,45.4767869,-122.4984239,22.679495402965056
random,14211500,1,1064,0.6410778561647589,0.8144691699587838,45.47745556,-122.5080194,23.124790824676897
random,14211500,3,1050,1.5118301083908652,1.5754867007692304,45.47745556,-122.5080194,23.124790824676897
random,14211500,7,1045,1.8562341259109059,1.9105405395224724,45.47745556,-122.5080194,23.124790824676897
random,14320934,1,1077,0.4982752871637317,0.5932177355730707,43.43122665,-123.5867573,53.915817090119596
random,14320934,3,1071,1.1669521291640061,1.1520319098132492,43.43122665,-123.5867573,53.915817090119596
random,14320934,7,1064,1.52605331873635,1.5241150585262198,43.43122665,-123.5867573,53.915817090119596
random,255534081324000,1,1068,0.8076282759816951,0.9746684464602438,25.926,-81.5443056,267.6455852764977
random,255534081324000,3,1059,1.7388197094994717,1.8423274543805932,25.926,-81.5443056,267.6455852764977
random,255534081324000,7,1049,2.0720725516312535,2.0208453814158216,25.926,-81.5443056,267.6455852764977
region,01073319,1,970,0.6139912674198668,0.8651951495260531,43.04138889,-71.2016667,597.4584772860081
region,01073319,3,964,1.5290745377641284,1.6954784612224687,43.04138889,-71.2016667,597.4584772860081
region,01073319,7,954,1.8431491943961145,1.9502008964462099,43.04138889,-71.2016667,597.4584772860081
region,01104415,1,961,0.9942111555946481,1.0998904634706421,42.43592855,-71.2600567,583.8531376253546
region,01104415,3,950,1.5809044505749916,1.6189239592233977,42.43592855,-71.2600567,583.8531376253546
region,01104415,7,939,1.6861542928195576,1.714801669588012,42.43592855,-71.2600567,583.8531376253546
region,01104455,1,848,0.9888798729370689,1.068682552072834,42.37259606,-71.27033448,582.5148798822722
region,01104455,3,843,1.5449806819885292,1.5862934765408012,42.37259606,-71.27033448,582.5148798822722
region,01104455,7,835,1.7328826308931538,1.7881272119187592,42.37259606,-71.27033448,582.5148798822722
region,01104475,1,1086,0.8725526754356768,0.972292717855064,42.3545408,-71.2681121,582.5708656255373
region,01104475,3,1081,1.5890954121706196,1.5903798128180553,42.3545408,-71.2681121,582.5708656255373
region,01104475,7,1076,1.767113657814341,1.7982501675804587,42.3545408,-71.2681121,582.5708656255373
region,01129500,1,1094,0.6339740832835984,0.830580774703894,44.74977166,-71.63120018,629.7658343494519
region,01129500,3,1092,1.420381654079833,1.5294140727914056,44.74977166,-71.63120018,629.7658343494519
region,01129500,7,1088,1.726672429248622,1.7296505995210765,44.74977166,-71.63120018,629.7658343494519
region,01400500,1,979,0.6991540343588313,1.0138234584986572,40.55555556,-74.58277778,340.7107658742007
region,01400500,3,955,1.7720989262347173,1.8970121199155332,40.55555556,-74.58277778,340.7107658742007
region,01400500,7,952,2.111885361769168,2.1918352181266987,40.55555556,-74.58277778,340.7107658742007
region,01408029,1,891,0.8242201930739992,1.1328330084648963,40.14666667,-74.12222222,396.3257908054199
region,01408029,3,877,1.8175834125427373,1.9367432991474924,40.14666667,-74.12222222,396.3257908054199
region,01408029,7,856,1.9942249394692626,2.064191359089246,40.14666667,-74.12222222,396.3257908054199
region,01425000,1,1072,0.4620705885226215,0.41446831825463926,42.07491667,-75.3958056,241.2656411119524
region,01425000,3,1065,0.8376213456751069,0.7178773089858194,42.07491667,-75.3958056,241.2656411119524
region,01425000,7,1056,1.0741999915224445,0.9295271283921483,42.07491667,-75.3958056,241.2656411119524
region,01426500,1,932,0.7866574852616672,0.8161686494034504,42.00302778,-75.38352778,241.59971105664636
region,01426500,3,926,1.1962698743080347,1.2447297729437687,42.00302778,-75.38352778,241.59971105664636
region,01426500,7,914,1.3576720993566138,1.4215717130158194,42.00302778,-75.38352778,241.59971105664636
region,01427207,1,1076,0.687292739603522,0.9125108056031253,41.86727778,-75.21375,255.10374940108744
region,01427207,3,1070,1.5120557702372337,1.659952791887543,41.86727778,-75.21375,255.10374940108744
region,01427207,7,1063,1.8697540822352563,1.9220852282924805,41.86727778,-75.21375,255.10374940108744
region,01428500,1,1066,0.5792701991180519,0.8342469726889116,41.50875,-74.9860556,276.82343860825154
region,01428500,3,1059,1.5300035700090902,1.7305569858595156,41.50875,-74.9860556,276.82343860825154
region,01428500,7,1054,2.046166087196351,2.1841595216054865,41.50875,-74.9860556,276.82343860825154
region,01435000,1,12,1.0315098654570474,0.712170415137224,41.88994444,-74.5898056,306.7704011167089
region,01435000,3,7,3.043704618338668,2.5851945782339687,41.88994444,-74.5898056,306.7704011167089
region,01435000,7,1,4.8504770375511335,4.136505126953125,41.88994444,-74.5898056,306.7704011167089
region,01463500,1,1075,0.4891654435429885,0.6989113935416192,40.22166667,-74.77805556,344.1658848794298
region,01463500,3,1070,1.3307275763844355,1.5019591885039205,40.22166667,-74.77805556,344.1658848794298
region,01463500,7,1062,1.8045570784412934,1.9291789429757094,40.22166667,-74.77805556,344.1658848794298
region,01480617,1,1085,0.8063309083462917,1.064215731770837,39.9617734,-75.8013341,292.2985416105996
region,01480617,3,1080,1.6929681270452026,1.8170770378506829,39.9617734,-75.8013341,292.2985416105996
region,01480617,7,1076,1.8911864241245389,1.9777178238676878,39.9617734,-75.8013341,292.2985416105996
region,01540500,1,930,0.4532768892202793,0.6301199993375718,40.95814218,-76.6191222,169.2595870524071
region,01540500,3,923,1.2233698214597566,1.386601248453056,40.95814218,-76.6191222,169.2595870524071
region,01540500,7,911,1.7991715178385097,1.904140964121197,40.95814218,-76.6191222,169.2595870524071
region,01542500,1,1087,0.6544771412027679,0.9101626774290246,41.11755906,-78.108896,78.01271566007541
region,01542500,3,1082,1.5978582624601914,1.7910236342707007,41.11755906,-78.108896,78.01271566007541
region,01542500,7,1078,2.0021161236026916,2.117164954722746,41.11755906,-78.108896,78.01271566007541
region,01549700,1,1081,0.6995775149112922,0.956641500685946,41.27361657,-77.3241186,100.85450869952119
region,01549700,3,1075,1.7072946037733194,1.893338383909806,41.27361657,-77.3241186,100.85450869952119
region,01549700,7,1068,2.1897400451046147,2.2634441724956353,41.27361657,-77.3241186,100.85450869952119
region,01608500,1,10,0.6287241572485109,0.6093477002071963,39.44703879,-78.6541817,72.69936866860148
region,01608500,3,8,1.7069870656950847,1.2917620968184131,39.44703879,-78.6541817,72.69936866860148
region,01608500,7,4,1.1749268535136013,1.0698236370392493,39.44703879,-78.6541817,72.69936866860148
region,02110701,1,1049,0.7372052134975954,1.0301869304956057,33.86100349,-79.0411471,393.9773052625704
region,02110701,3,1047,1.7923833064418404,1.947188651861694,33.86100349,-79.0411471,393.9773052625704
region,02110701,7,1037,2.1783309727245515,2.2268532913582213,33.86100349,-79.0411471,393.9773052625704
region,02176930,1,1053,0.8376554529890178,1.0132876443574677,34.97452778,-83.1161667,56.17536475540559
region,02176930,3,1048,1.6394322290022898,1.8070114955945131,34.97452778,-83.1161667,56.17536475540559
region,02176930,7,1040,1.9254713506725851,2.0290809258671567,34.97452778,-83.1161667,56.17536475540559
region,02266300,1,1083,0.6488727892797189,0.8680007952330923,28.33278738,-81.579796,756.0834859296422
region,02266300,3,1078,1.4617091543797498,1.610234289113458,28.33278738,-81.579796,756.0834859296422
region,02266300,7,1072,1.7530057133724177,1.878629124658557,28.33278738,-81.579796,756.0834859296422
region,02330450,1,1064,0.8226778762063196,0.9585154434120784,34.7009722,-83.72925,20.318417141351535
region,02330450,3,1058,1.520488277953289,1.6383679054771474,34.7009722,-83.72925,20.318417141351535
region,02330450,7,1050,1.7517481585012542,1.8203129743340534,34.7009722,-83.72925,20.318417141351535
region,02334430,1,1094,0.26658558930950604,0.22301047998884405,34.15666667,-84.0784167,87.16820562489757
region,02334430,3,1092,0.40410728785523514,0.3621549223797569,34.15666667,-84.0784167,87.16820562489757
region,02334430,7,1088,0.6949894658851866,0.6094263811762219,34.15666667,-84.0784167,87.16820562489757
region,02334885,1,1094,0.656766918350457,0.9371071726572936,34.0325,-84.08888889,100.42993543968377
region,02334885,3,1092,1.6544697126857777,1.820788986580413,34.0325,-84.08888889,100.42993543968377
region,02334885,7,1088,2.002642785258749,2.1011299147507176,34.0325,-84.08888889,100.42993543968377
region,02336120,1,1086,0.8105827742351123,1.0830796743129427,33.83155556,-84.3427778,130.11094164055714
region,02336120,3,1082,1.796437192360684,1.9413370003366928,33.83155556,-84.3427778,130.11094164055714
region,02336120,7,1080,2.1220082565428795,2.1758061280023955,33.83155556,-84.3427778,130.11094164055714
region,02336300,1,1090,0.8428502184763526,1.1122901391520974,33.82030556,-84.40763889,133.93000903776849
region,02336300,3,1086,1.8530438964942222,1.9973091119049318,33.82030556,-84.40763889,133.93000903776849
region,02336300,7,1082,2.1910479656198096,2.253682235221023,33.82030556,-84.40763889,133.93000903776849
region,02336728,1,1085,0.658372073016949,0.8059388180339334,33.74352778,-84.5681667,148.6798200157729
region,02336728,3,1080,1.483942240127954,1.5757061574641826,33.74352778,-84.5681667,148.6798200157729
region,02336728,7,1076,2.0558172545191153,2.3250434712380654,33.74352778,-84.5681667,148.6798200157729
region,02397000,1,1088,0.46442207318365136,0.63201559864793,34.2005,-85.25641667,159.7267183023982
region,02397000,3,1087,1.170738371974962,1.3122262039339834,34.2005,-85.25641667,159.7267183023982
region,02397000,7,1082,1.5183984600686837,1.6512573237427461,34.2005,-85.25641667,159.7267183023982
region,02455980,1,1051,0.7840402120369867,0.9784108054948517,33.71121273,-86.6961013,302.66826528929636
region,02455980,3,1039,1.4949596693543636,1.6016430785049218,33.71121273,-86.6961013,302.66826528929636
region,02455980,7,1029,1.7626967204903763,1.7723548396570505,33.71121273,-86.6961013,302.66826528929636
region,02458450,1,1091,0.7959163600644895,0.9871112749056633,33.5176481,-86.87915889,327.6311433609303
region,02458450,3,1088,1.5671351147417234,1.6600251131210997,33.5176481,-86.87915889,327.6311433609303
region,02458450,7,1084,1.8502968540868832,1.8998197588130483,33.5176481,-86.87915889,327.6311433609303
region,02474560,1,1086,0.6315179779318635,0.7802506408098272,31.22166667,-89.0530556,642.1812834608313
region,02474560,3,1082,1.5908624582583673,1.6686420854121184,31.22166667,-89.0530556,642.1812834608313
region,02474560,7,1074,2.312505709155104,2.321535463269193,31.22166667,-89.0530556,642.1812834608313
region,03007800,1,1087,0.7570354256087718,1.0285713766964404,41.81867578,-78.29279129,79.45201811351893
region,03007800,3,1082,1.755845229011142,1.9115785182768563,41.81867578,-78.29279129,79.45201811351893
region,03007800,7,1078,2.1231104458845858,2.186154441381454,41.81867578,-78.29279129,79.45201811351893
region,03034000,1,1060,0.8061318113722986,1.1005711431063088,40.93923105,-79.00836738,78.01271566007541
region,03034000,3,1058,1.797055296888202,2.0156202600659485,40.93923105,-79.00836738,78.01271566007541
region,03034000,7,1054,2.1393691681834417,2.2686280053298873,40.93923105,-79.00836738,78.01271566007541
region,03036000,1,1079,0.561599998294226,0.49900397432382865,40.9275653,-79.2911508,101.40490654714688
region,03036000,3,1074,1.0684995161454676,1.056482290743322,40.9275653,-79.2911508,101.40490654714688
region,03036000,7,1070,1.424975787479326,1.5085940797209514,40.9275653,-79.2911508,101.40490654714688
region,03047000,1,1090,0.5922512574163479,0.6174958319519243,40.45888889,-79.4494444,131.3537366641964
region,03047000,3,1088,1.2835339358750704,1.4222589399185201,40.45888889,-79.4494444,131.3537366641964
region,03047000,7,1085,1.7820557332952425,1.9849489636007447,40.45888889,-79.4494444,131.3537366641964
region,03077500,1,1024,0.31177343042917033,0.23720200932554325,39.80535485,-79.3642019,72.69936866860148
region,03077500,3,1019,0.5605186345890327,0.4329552873554376,39.80535485,-79.3642019,72.69936866860148
region,03077500,7,1010,0.7792858650969677,0.6215186391613529,39.80535485,-79.3642019,72.69936866860148
region,03105500,1,1086,0.6925810096485617,0.9715499067834682,40.88867389,-80.3370083,188.6928725590602
region,03105500,3,1082,1.6380451977418695,1.8813453506340985,40.88867389,-80.3370083,188.6928725590602
region,03105500,7,1078,2.058975615075756,2.1926766187990685,40.88867389,-80.3370083,188.6928725590602
region,03106000,1,1041,0.7264640984168912,1.0850985520420582,40.8170092,-80.2422837,182.20838679750528
region,03106000,3,1034,1.840213438991647,2.1216027955415995,40.8170092,-80.2422837,182.20838679750528
region,03106000,7,1023,2.3106719456176705,2.446528858944922,40.8170092,-80.2422837,182.20838679750528
region,03301900,1,1068,0.9034113283835834,1.1565853684336038,38.1756242,-85.615237,358.1846516753715
region,03301900,3,1063,1.7873082085568082,1.912289756166596,38.1756242,-85.615237,358.1846516753715
region,03301900,7,1055,2.042211330367586,2.1254909081850277,38.1756242,-85.615237,358.1846516753715
region,03353200,1,1073,0.8473540863381523,1.1910193225578831,39.94642217,-86.260249,153.85615201546517
region,03353200,3,1070,1.9334909214405236,2.156132840858071,39.94642217,-86.260249,153.85615201546517
region,03353200,7,1066,2.2964471700278164,2.401282823087195,39.94642217,-86.260249,153.85615201546517
region,03456991,1,1077,0.7712654669351204,0.9675275074802406,35.52194444,-82.8480556,65.55839566772998
region,03456991,3,1069,1.532811260234708,1.676450964191785,35.52194444,-82.8480556,65.55839566772998
region,03456991,7,1060,1.837470483416131,1.9337604485291087,35.52194444,-82.8480556,65.55839566772998
region,04027000,1,1061,0.6717577898144317,0.9574089188706634,46.4866144,-90.696297,59.92976224081903
region,04027000,3,1054,1.6326223358792515,1.79725618583666,46.4866144,-90.696297,59.92976224081903
region,04027000,7,1047,2.005710368010779,2.116484509446925,46.4866144,-90.696297,59.92976224081903
region,04043238,1,1081,0.7898163184113925,0.9262041542265627,46.78214818,-87.8776299,272.87538097940944
region,04043238,3,1076,1.4616023752922767,1.5230387915322627,46.78214818,-87.8776299,272.87538097940944
region,04043238,7,1071,1.7493246882187357,1.7576481164811935,46.78214818,-87.8776299,272.87538097940944
region,04043244,1,1083,0.7879388077293804,0.9157555791030636,46.7857589,-87.8523522,274.84092602195295
region,04043244,3,1079,1.410827270623587,1.4606398604322328,46.7857589,-87.8523522,274.84092602195295
region,04043244,7,1071,1.6862466438641455,1.6724304966842742,46.7857589,-87.8523522,274.84092602195295
region,04067500,1,1050,0.45972925578279394,0.6059700776541097,45.3258333,-87.6633333,279.26665249843967
region,04067500,3,1042,1.2299000295611067,1.294167959976142,45.3258333,-87.6633333,279.26665249843967
region,04067500,7,1028,1.7181906916926453,1.8571845395615016,45.3258333,-87.6633333,279.26665249843967
region,04077630,1,1094,0.6550616822686386,0.8764187198069713,44.8980311,-88.8442729,175.54867967289738
region,04077630,3,1092,1.4974454986832129,1.654530638118966,44.8980311,-88.8442729,175.54867967289738
region,04077630,7,1088,1.857095172716442,1.9832163909995628,44.8980311,-88.8442729,175.54867967289738
region,04124200,1,1092,0.2894821392647906,0.20695469355007853,44.3630596,-85.820905,337.0141989961042
region,04124200,3,1090,0.6079881065621732,0.4735164488252994,44.3630596,-85.820905,337.0141989961042
region,04124200,7,1086,0.8631353470066468,0.8642652507215594,44.3630596,-85.820905,337.0141989961042
region,04125460,1,1089,0.5640740155972574,0.7359084803850274,44.19334009,-85.7697863,328.82972400276094
region,04125460,3,1085,1.3111877234717855,1.3795260220539198,44.19334009,-85.7697863,328.82972400276094
region,04125460,7,1080,1.590984220973731,1.6082394812560001,44.19334009,-85.7697863,328.82972400276094
region,04137005,1,1091,0.36837764868630535,0.3695113567805418,44.56084749,-83.802764,428.7375390337634
region,04137005,3,1088,0.8723539430833746,0.8490237251864143,44.56084749,-83.802764,428.7375390337634
region,04137005,7,1084,1.3156209977253543,1.4087113734566759,44.56084749,-83.802764,428.7375390337634
region,04176500,1,1087,0.46922651897337464,0.6537447658164659,41.9605671,-83.5309896,266.9699546346625
region,04176500,3,1083,1.298006564097207,1.4471285030456005,41.9605671,-83.5309896,266.9699546346625
region,04176500,7,1076,1.8695585779057045,2.063577403689685,41.9605671,-83.5309896,266.9699546346625
region,04208000,1,1040,0.657007537795812,0.9624788763054081,41.39533087,-81.6298478,295.9204801966904
region,04208000,3,1021,1.6160781232294952,1.8177852489506663,41.39533087,-81.6298478,295.9204801966904
region,04208000,7,1008,2.0013302215794244,2.1028106357638925,41.39533087,-81.6298478,295.9204801966904
region,05054000,1,1076,0.3504075590137165,0.4145500671493766,46.861111,-96.783333,466.1635262765533
region,05054000,3,1068,0.9874748003595095,0.9738217249664135,46.861111,-96.783333,466.1635262765533
region,05054000,7,1058,1.5746965885315471,1.6057897410353075,46.861111,-96.783333,466.1635262765533
region,05057000,1,1067,0.5452144249881375,0.7779405164048517,47.432778,-98.027222,565.9914608809339
region,05057000,3,1062,1.483595728317071,1.6039222780316638,47.432778,-98.027222,565.9914608809339
region,05057000,7,1052,1.9690768705496025,2.0713425091519366,47.432778,-98.027222,565.9914608809339
region,05289800,1,887,0.7394364071679966,0.8424269030289553,44.91550278,-93.21293889,262.1133463110833
region,05289800,3,861,1.5369021463301218,1.5970930547277855,44.91550278,-93.21293889,262.1133463110833
region,05289800,7,832,1.9552931525409158,2.0760014962909143,44.91550278,-93.21293889,262.1133463110833
region,05331833,1,1042,0.8228044521533493,0.930185949353233,46.1713687,-91.3293778,59.92976224081903
region,05331833,3,1034,1.5007913243509499,1.5478205957721312,46.1713687,-91.3293778,59.92976224081903
region,05331833,7,1022,1.7785567184205906,1.7901665943519505,46.1713687,-91.3293778,59.92976224081903
region,05370000,1,1091,0.44920370336356025,0.4467531152014852,44.85277778,-92.2383333,217.61864548499835
region,05370000,3,1088,0.9357141182367206,0.8918542115231503,44.85277778,-92.2383333,217.61864548499835
region,05370000,7,1084,1.2182273054698167,1.28496190411199,44.85277778,-92.2383333,217.61864548499835
region,05382255,1,1094,0.6699101718265332,0.6965658775536036,43.99388889,-90.6572222,175.54867967289738
region,05382255,3,1092,1.1444997322302077,1.1875986236938656,43.99388889,-90.6572222,175.54867967289738
region,05382255,7,1088,1.4299454235428513,1.4367135233418153,43.99388889,-90.6572222,175.54867967289738
region,05382257,1,1085,1.34784444229735,1.3471896774153633,44.00055556,-90.6811111,176.67989344411382
region,05382257,3,1082,1.8218366510528707,1.82045473758501,44.00055556,-90.6811111,176.67989344411382
region,05382257,7,1078,1.9146619120378656,1.9131220387690975,44.00055556,-90.6811111,176.67989344411382
region,05406457,1,996,0.8143554030448801,0.7764128737480948,43.1097222,-89.6408333,208.80465890421593
region,05406457,3,983,1.1591179147610595,1.137408028446832,43.1097222,-89.6408333,208.80465890421593
region,05406457,7,971,1.3167073335673325,1.3029908585697862,43.1097222,-89.6408333,208.80465890421593
region,05458300,1,1060,0.6388426447475117,0.9239533579420476,42.7372222,-92.4700917,377.23521147892666
region,05458300,3,1050,1.7177353930212569,1.9144530219325706,42.7372222,-92.4700917,377.23521147892666
region,05458300,7,1038,2.225214450531657,2.424606699710007,42.7372222,-92.4700917,377.23521147892666
region,05517000,1,1094,0.6636738075824699,0.9506732069180874,41.30279685,-86.62053829,153.85615201546517
region,05517000,3,1092,1.6894825337308257,1.8962859107626342,41.30279685,-86.62053829,153.85615201546517
region,05517000,7,1088,2.161872393420172,2.2893613910148143,41.30279685,-86.62053829,153.85615201546517
region,06036805,1,1091,0.856153032021817,0.9050931974135019,44.4593333,-110.8222722,111.32136850696693
region,06036805,3,1088,1.3620620461808906,1.4184425153488662,44.4593333,-110.8222722,111.32136850696693
region,06036805,7,1084,1.523081718377159,1.5700724705603781,44.4593333,-110.8222722,111.32136850696693
region,06036905,1,1094,0.9886233480095751,1.0545068283459427,44.6201833,-110.8635028,129.29794989942354
region,06036905,3,1092,1.7046905246421962,1.723453101567283,44.6201833,-110.8635028,129.29794989942354
region,06036905,7,1088,1.857021143098099,1.9060749872148708,44.6201833,-110.8635028,129.29794989942354
region,06036940,1,1092,1.1410963648346337,1.1910774372968416,44.732725,-110.7132528,141.8606150518825
region,06036940,3,1090,1.686590807285996,1.8609314032674245,44.732725,-110.7132528,141.8606150518825
region,06036940,7,1086,1.9958130668221412,2.2330059968197062,44.732725,-110.7132528,141.8606150518825
region,06041000,1,1066,0.43487129774205135,0.5241854547320033,45.490231,-111.634506,235.4988386012707
region,06041000,3,1059,1.0529270890932443,1.1488828919866125,45.490231,-111.634506,235.4988386012707
region,06041000,7,1056,1.5138120686396808,1.626303817862632,45.490231,-111.634506,235.4988386012707
region,06623800,1,925,0.5840270878154872,0.5929629152272327,41.02356508,-106.8248049,214.33832923285846
region,06623800,3,920,0.8262561008614855,0.8309683145333414,41.02356508,-106.8248049,214.33832923285846
region,06623800,7,912,0.9813386996314595,0.9214317813903994,41.02356508,-106.8248049,214.33832923285846
region,06894000,1,1072,0.5869991332091519,0.8872086983130341,39.1005609,-94.3005038,313.53468747958334
region,06894000,3,1064,1.6021399631316453,1.800505293174668,39.1005609,-94.3005038,313.53468747958334
region,06894000,7,1057,2.1263626888845617,2.2765519833784973,39.1005609,-94.3005038,313.53468747958334
region,06934500,1,887,0.37843343339880164,0.47001982445632245,38.70980556,-91.4385,365.2998318362
region,06934500,3,864,1.0616991099280046,1.091823269848303,38.70980556,-91.4385,365.2998318362
region,06934500,7,840,1.557614313956113,1.7154083206294215,38.70980556,-91.4385,365.2998318362
region,07106000,1,896,1.2030866756884433,1.196796820750283,38.6016647,-104.6702503,275.26786223721535
region,07106000,3,866,1.8417475234399394,1.765179746351686,38.6016647,-104.6702503,275.26786223721535
region,07106000,7,844,1.8517330037564381,1.8323692479147822,38.6016647,-104.6702503,275.26786223721535
region,07178200,1,929,0.6430360937048631,0.8495885162372215,36.2231514,-95.8194322,341.2639184762813
region,07178200,3,907,1.525374460743882,1.6322200000173452,36.2231514,-95.8194322,341.2639184762813
region,07178200,7,893,2.0400495690305758,2.131096718644856,36.2231514,-95.8194322,341.2639184762813
region,07194880,1,517,0.7877433189956169,0.8392544129559155,36.2814592,-94.227997,313.53468747958334
region,07194880,3,513,1.2530022100946256,1.2918824246534455,36.2814592,-94.227997,313.53468747958334
region,07194880,7,505,1.4285382323249012,1.4216336864077328,36.2814592,-94.227997,313.53468747958334
region,07332622,1,878,0.9145401278459266,1.2079006447329053,33.74416667,-95.9611111,100.42315933885733
region,07332622,3,865,1.943968793927254,2.129647262678944,33.74416667,-95.9611111,100.42315933885733
region,07332622,7,848,2.4415248306115083,2.5027528882554,33.74416667,-95.9611111,100.42315933885733
region,08048000,1,850,0.7044901478934492,0.7935379898398505,32.76096337,-97.3325167,167.9694862031074
region,08048000,3,830,1.6169249733159872,1.5722434974526347,32.76096337,-97.3325167,167.9694862031074
region,08048000,7,799,2.1346869061846,2.05948559945578,32.76096337,-97.3325167,167.9694862031074
region,08052700,1,789,1.1421199479158222,1.4494083301901115,33.28344977,-96.8927805,100.42315933885733
region,08052700,3,754,2.3691910698531524,2.5115664265006585,33.28344977,-96.8927805,100.42315933885733
region,08052700,7,736,2.8328376232839583,2.830418713168912,33.28344977,-96.8927805,100.42315933885733
region,08065350,1,913,0.7356419154555742,0.6692783980428594,31.33851319,-95.6563407,269.0171900470676
region,08065350,3,898,1.6090227824879852,1.5335192301520293,31.33851319,-95.6563407,269.0171900470676
region,08065350,7,874,2.3193761950389455,2.2939550088432243,31.33851319,-95.6563407,269.0171900470676
region,08070200,1,1050,0.6906622153572936,0.8660710237391259,30.14523056,-95.1246139,407.8871870748256
region,08070200,3,1037,1.7033715692860163,1.7841548696529312,30.14523056,-95.1246139,407.8871870748256
region,08070200,7,1027,2.3027759083868657,2.3338347189841144,30.14523056,-95.1246139,407.8871870748256
region,08123850,1,767,0.9470642301506529,1.2421806359837104,32.05374399,-100.762052,485.97562934228654
region,08123850,3,754,2.097438167684226,2.20452508224025,32.05374399,-100.762052,485.97562934228654
region,08123850,7,735,2.528634376766998,2.513089430799933,32.05374399,-100.762052,485.97562934228654
region,09136100,1,1089,0.7307796219005245,0.7986755774641804,38.78516667,-107.8334167,263.34263552831686
region,09136100,3,1085,1.2686232197362541,1.2938843290728919,38.78516667,-107.8334167,263.34263552831686
region,09136100,7,1080,1.4841412886404088,1.5163640425459004,38.78516667,-107.8334167,263.34263552831686
region,09144250,1,1092,0.5860203822017264,0.6707739851185889,38.75303944,-108.078403,274.1831409065959
region,09144250,3,1090,1.1460166121419963,1.1901146662196354,38.75303944,-108.078403,274.1831409065959
region,09144250,7,1086,1.413781039481171,1.380964172941188,38.75303944,-108.078403,274.1831409065959
region,09149500,1,1094,0.696116646842791,0.7851414925065086,38.74194444,-108.08041667,275.3896230226555
region,09149500,3,1092,1.1891628920377102,1.2391630209647737,38.74194444,-108.08041667,275.3896230226555
region,09149500,7,1088,1.3463265407414844,1.3489751010292164,38.74194444,-108.08041667,275.3896230226555
region,09163500,1,1094,0.4448087783236353,0.5590226046725831,39.1327434,-109.02707585,274.4787605407566
region,09163500,3,1092,1.0925291834800122,1.173839601226537,39.1327434,-109.02707585,274.4787605407566
region,09163500,7,1088,1.4590916765638133,1.4902670702206275,39.1327434,-109.02707585,274.4787605407566
region,09180000,1,1089,0.6730864174068614,0.7565951240957696,38.79720805,-109.1951142,290.57295832672213
region,09180000,3,1086,1.3825869027781799,1.4257835095006275,38.79720805,-109.1951142,290.57295832672213
region,09180000,7,1082,1.723827249111105,1.7063028962984665,38.79720805,-109.1951142,290.57295832672213
region,09261000,1,1032,0.5477933830913486,0.6433457293657308,40.40871944,-109.23523611,192.70813814019056
region,09261000,3,1023,1.2239225095780264,1.3447750488950956,40.40871944,-109.23523611,192.70813814019056
region,09261000,7,1011,1.5822743319242423,1.6849871980482274,40.40871944,-109.23523611,192.70813814019056
region,09302000,1,1074,0.6112196870799457,0.6880480552580194,40.21027778,-109.7813889,154.77133269480143
region,09302000,3,1068,1.2257177426759598,1.3080342730616195,40.21027778,-109.7813889,154.77133269480143
region,09302000,7,1060,1.5688889973994362,1.6362264836287745,40.21027778,-109.7813889,154.77133269480143
region,09380000,1,1069,0.35130146405990864,0.30516876272093085,36.86433333,-111.58787222,430.53264726625883
region,09380000,3,1066,0.9031687930813109,0.5736015547252462,36.86433333,-111.58787222,430.53264726625883
region,09380000,7,1063,1.6791956557694174,0.8995064617303595,36.86433333,-111.58787222,430.53264726625883
region,10129900,1,1076,0.6223082519313121,0.6796460621434306,40.73522634,-111.4760313,154.77133269480143
region,10129900,3,1071,1.118478157829068,1.1842170760526545,40.73522634,-111.4760313,154.77133269480143
region,10129900,7,1067,1.3320071125483206,1.3554775222792164,40.73522634,-111.4760313,154.77133269480143
region,10301500,1,1074,0.8004999148684132,0.9403814138612819,39.1524611,-119.0988889,262.88349860217136
region,10301500,3,1066,1.5813837270364828,1.656731439394714,39.1524611,-119.0988889,262.88349860217136
region,10301500,7,1060,1.879029235523542,1.9416635476356285,39.1524611,-119.0988889,262.88349860217136
region,10351600,1,1062,0.5435663955554124,0.7481770233621964,39.58463448,-119.4412872,288.03446755326877
region,10351600,3,1052,1.3309631918086982,1.4996607667165436,39.58463448,-119.4412872,288.03446755326877
region,10351600,7,1037,1.6782211271188185,1.799124850702797,39.58463448,-119.4412872,288.03446755326877
region,11262900,1,659,0.7142829945001913,0.8459722925849624,37.26241267,-120.9065536,262.88349860217136
region,11262900,3,652,1.4301679905276803,1.5170968674669625,37.26241267,-120.9065536,262.88349860217136
region,11262900,7,643,1.6265812154369317,1.6556291505018397,37.26241267,-120.9065536,262.88349860217136
region,11467000,1,1094,0.37595200670304985,0.47205904171358964,38.50848204,-122.9277345,323.9605637936537
region,11467000,3,1092,0.9574377125883029,0.9944926863096243,38.50848204,-122.9277345,323.9605637936537
region,11467000,7,1088,1.2862700600125498,1.2913727980038434,38.50848204,-122.9277345,323.9605637936537
region,11507500,1,1094,0.4550216526253112,0.6323855353203107,42.22347795,-121.7941708,189.68487603851653
region,11507500,3,1092,1.2900255783968784,1.388491546976527,42.22347795,-121.7941708,189.68487603851653
region,11507500,7,1088,1.7691298571883556,1.9095872051911527,42.22347795,-121.7941708,189.68487603851653
region,12056500,1,1069,0.35678587752876845,0.372612752065973,47.51425666,-123.3298868,600.5922780225293
region,12056500,3,1065,0.6567070043261523,0.6394661836454777,47.51425666,-123.3298868,600.5922780225293
region,12056500,7,1057,0.8826724493036476,0.8057160677831139,47.51425666,-123.3298868,600.5922780225293
region,12115000,1,1017,0.3143982534831107,0.31587253672934423,47.3701073,-121.6251009,572.4341286505538
region,12115000,3,1007,0.6043274125776059,0.5544758755069967,47.3701073,-121.6251009,572.4341286505538
region,12115000,7,991,0.7997353646268144,0.7029362783748442,47.3701073,-121.6251009,572.4341286505538
region,12117600,1,1094,0.3695758009820926,0.3909880071692593,47.3795458,-121.983448,573.522525520816
region,12117600,3,1092,0.7030909703873008,0.6795724774112216,47.3795458,-121.983448,573.522525520816
region,12117600,7,1088,0.9105258984739912,0.8591801372903454,47.3795458,-121.983448,573.522525520816
region,12210700,1,983,0.5992551968475793,0.6432183573998963,48.84174,-122.2943049,736.9428327810134
region,12210700,3,967,1.112122139942858,1.0847959342363378,48.84174,-122.2943049,736.9428327810134
region,12210700,7,941,1.2871185592750582,1.247842002465364,48.84174,-122.2943049,736.9428327810134
region,12212050,1,979,0.5112228301932538,0.5773704845534148,48.9386827,-122.4790353,748.5875919490536
region,12212050,3,962,1.1152525927717356,1.0854683040636668,48.9386827,-122.4790353,748.5875919490536
region,12212050,7,938,1.3909900488729754,1.3510524473470322,48.9386827,-122.4790353,748.5875919490536
region,12213100,1,1041,0.6326389431440055,0.73196605831524,48.84479237,-122.5893141,738.8450056896851
region,12213100,3,1023,1.2393050996280848,1.2601366275562713,48.84479237,-122.5893141,738.8450056896851
region,12213100,7,1013,1.4719303291588535,1.4608886585630338,48.84479237,-122.5893141,738.8450056896851
region,12363000,1,1056,0.42566738338700644,0.4768576317428637,48.3618111,-114.18495,373.4027052376808
region,12363000,3,1057,0.8542682210774407,0.8429336285762853,48.3618111,-114.18495,373.4027052376808
region,12363000,7,1052,1.0599250703055991,1.045363820388203,48.3618111,-114.18495,373.4027052376808
region,12398600,1,1061,0.311208979981086,0.26104241192134897,48.99881409,-117.3535794,581.5831296195379
region,12398600,3,1050,0.7501269080000527,0.6262896181010469,48.99881409,-117.3535794,581.5831296195379
region,12398600,7,1042,1.2067184652277703,1.044762659616867,48.99881409,-117.3535794,581.5831296195379
region,13018350,1,1067,0.7055517396058539,0.8143798474529759,43.4583611,-110.7970278,111.32136850696693
region,13018350,3,1063,1.3108269601586602,1.4112482471621413,43.4583611,-110.7970278,111.32136850696693
region,13018350,7,1055,1.4410120186637885,1.4945503039123884,43.4583611,-110.7970278,111.32136850696693
region,13154500,1,1094,0.2962454307416612,0.3025887295253432,43.0022222,-115.2025,387.3814238934238
region,13154500,3,1092,0.6392887057169377,0.6853012264321914,43.0022222,-115.2025,387.3814238934238
region,13154500,7,1088,0.894114177069917,0.9195533139010952,43.0022222,-115.2025,387.3814238934238
region,13317660,1,1094,0.24634046469689466,0.2760696769896605,46.00305556,-116.9169444,413.7611090745684
region,13317660,3,1092,0.6105809855392779,0.5881789380926988,46.00305556,-116.9169444,413.7611090745684
region,13317660,7,1088,0.8861521921275951,0.7914111670712809,46.00305556,-116.9169444,413.7611090745684
region,13342500,1,1094,0.4276295557534525,0.48598412536193814,46.4483333,-116.8275,415.15401413937036
region,13342500,3,1092,0.9051467079447502,0.9161355977512029,46.4483333,-116.8275,415.15401413937036
region,13342500,7,1088,1.2022968222755208,1.1749452839543533,46.4483333,-116.8275,415.15401413937036
region,14091500,1,1094,0.3981917546154291,0.4150215844282777,44.6262275,-121.4839433,268.34501270939006
region,14091500,3,1092,0.7023385009283816,0.6125934280395622,44.6262275,-121.4839433,268.34501270939006
region,14091500,7,1088,0.7844055476943302,0.6403421927263184,44.6262275,-121.4839433,268.34501270939006
region,14150800,1,1094,0.6370855711449741,0.7339946814951849,43.9142924,-122.6886762,201.55916794939816
region,14150800,3,1092,1.4142445557692658,1.3858868891559888,43.9142924,-122.6886762,201.55916794939816
region,14150800,7,1088,1.7490419704492384,1.7244849922686867,43.9142924,-122.6886762,201.55916794939816
region,14151000,1,1073,0.5855485257845988,0.5489709496604154,43.94429299,-122.774794,207.25269225908232
region,14151000,3,1064,1.4655710421907178,1.1839078955780888,43.94429299,-122.774794,207.25269225908232
region,14151000,7,1056,2.2015742013649753,1.6957328067082247,43.94429299,-122.774794,207.25269225908232
region,14152000,1,1092,0.36574571792398075,0.3576268000231941,43.99818166,-122.9059126,216.98915857506321
region,14152000,3,1090,0.7850892488469401,0.6872062169783465,43.99818166,-122.9059126,216.98915857506321
region,14152000,7,1086,1.1394281045361463,0.9604115336569083,43.99818166,-122.9059126,216.98915857506321
region,14153500,1,1086,0.3221790948380487,0.2556389522527317,43.72067785,-123.0497994,195.31970211668477
region,14153500,3,1082,0.8909858261077361,0.587149853965055,43.72067785,-123.0497994,195.31970211668477
region,14153500,7,1078,1.4460304577355787,0.940600823223667,43.72067785,-123.0497994,195.31970211668477
region,14154500,1,1089,0.5483484473820078,0.6801483439154906,43.73527778,-122.8744444,189.68487603851653
region,14154500,3,1086,1.3653190351236597,1.3762944311247352,43.73527778,-122.8744444,189.68487603851653
region,14154500,7,1082,1.7708608762294789,1.7732693876216392,43.73527778,-122.8744444,189.68487603851653
region,14159500,1,1085,0.360954978499833,0.32163229991758713,44.13595817,-122.248391,215.82277739111797
region,14159500,3,1080,0.7006592062100113,0.5935940524996529,44.13595817,-122.248391,215.82277739111797
region,14159500,7,1076,1.0333085696727142,0.8666862454571094,44.13595817,-122.248391,215.82277739111797
region,14161500,1,1089,0.439984778623892,0.46562490620661223,44.2095708,-122.256733,224.00081374142755
region,14161500,3,1086,0.9223323176480801,0.8766898105523725,44.2095708,-122.256733,224.00081374142755
region,14161500,7,1082,1.1866816067032728,1.1272460444863144,44.2095708,-122.256733,224.00081374142755
region,14179000,1,985,0.506057829490531,0.5411779591915769,44.75262179,-122.1289648,282.521188782799
region,14179000,3,979,1.0025151811202146,0.9450084583551237,44.75262179,-122.1289648,282.521188782799
region,14179000,7,967,1.266354764485548,1.1612293445520396,44.75262179,-122.1289648,282.521188782799
region,14185000,1,1025,0.527366190881855,0.6098414614925018,44.39179225,-122.4975817,247.7294789585734
region,14185000,3,1018,1.198263317441385,1.186199583537422,44.39179225,-122.4975817,247.7294789585734
region,14185000,7,1006,1.5360338393818362,1.4661423642818376,44.39179225,-122.4975817,247.7294789585734
region,14210000,1,1088,0.3230980870622807,0.3308483270949652,45.29984346,-122.3539746,345.01508258395495
region,14210000,3,1086,0.7982050226375025,0.7399111827879581,45.29984346,-122.3539746,345.01508258395495
region,14210000,7,1082,1.173107696022559,1.0723909871037496,45.29984346,-122.3539746,345.01508258395495
region,14211499,1,1086,0.6698513701261568,0.7799453869687841,45.4767869,-122.4984239,366.1285000130533
region,14211499,3,1082,1.4886920690787784,1.4418446605367636,45.4767869,-122.4984239,366.1285000130533
region,14211499,7,1074,1.741715502678455,1.7320029980607676,45.4767869,-122.4984239,366.1285000130533
region,14211500,1,1064,0.6614797550719728,0.8144691699587838,45.47745556,-122.5080194,366.32123675912163
region,14211500,3,1050,1.5917195520240304,1.5754867007692304,45.47745556,-122.5080194,366.32123675912163
region,14211500,7,1045,1.88729924169011,1.9105405395224724,45.47745556,-122.5080194,366.32123675912163
region,14320934,1,1077,0.5331504869295333,0.5932177355730707,43.43122665,-123.5867573,198.50021760955764
region,14320934,3,1071,1.2386583559619524,1.1520319098132492,43.43122665,-123.5867573,198.50021760955764
region,14320934,7,1064,1.5608053792823406,1.5241150585262198,43.43122665,-123.5867573,198.50021760955764
region,255534081324000,1,1068,0.8624807860786181,0.9746684464602438,25.926,-81.5443056,1017.6169312807936
region,255534081324000,3,1059,1.7683174122775964,1.8423274543805932,25.926,-81.5443056,1017.6169312807936
region,255534081324000,7,1049,2.068103764030402,2.0208453814158216,25.926,-81.5443056,1017.6169312807936
