model,horizon,baseline,skill,station_rmse,baseline_station_rmse
Climatology,1,Persistence,-1.3826058874447595,1.8991719069182085,0.813173271645506
Climatology,1,DampedPersistence,-1.455265899755011,1.8991719069182085,0.7893397408576391
Climatology,3,Persistence,-0.14366512818440347,1.9016346963047797,1.6375577264367185
Climatology,3,DampedPersistence,-0.26769526060425664,1.9016346963047797,1.4538841678832246
Climatology,7,Persistence,0.1809879587600406,1.9032724667255008,2.201650788662053
Climatology,7,DampedPersistence,-0.04257018671812163,1.9032724667255008,1.7728121291136714
DampedPersistence,1,Persistence,0.03495080397056971,0.7893397408576391,0.813173271645506
DampedPersistence,1,Climatology,0.5927061795571658,0.7893397408576391,1.8991719069182085
DampedPersistence,3,Persistence,0.1096817028253696,1.4538841678832246,1.6375577264367185
DampedPersistence,3,Climatology,0.2111640444636858,1.4538841678832246,1.9016346963047797
DampedPersistence,7,Persistence,0.21751418550196877,1.7728121291136714,2.201650788662053
DampedPersistence,7,Climatology,0.040831857391215476,1.7728121291136714,1.9032724667255008
DampedPriorOnly,1,Persistence,0.03495080397056971,0.7893397408576391,0.813173271645506
DampedPriorOnly,1,DampedPersistence,0.0,0.7893397408576391,0.7893397408576391
DampedPriorOnly,1,Climatology,0.5927061795571658,0.7893397408576391,1.8991719069182085
DampedPriorOnly,3,Persistence,0.1096817028253696,1.4538841678832246,1.6375577264367185
DampedPriorOnly,3,DampedPersistence,0.0,1.4538841678832246,1.4538841678832246
DampedPriorOnly,3,Climatology,0.2111640444636858,1.4538841678832246,1.9016346963047797
DampedPriorOnly,7,Persistence,0.21751418550196877,1.7728121291136714,2.201650788662053
DampedPriorOnly,7,DampedPersistence,0.0,1.7728121291136714,1.7728121291136714
DampedPriorOnly,7,Climatology,0.040831857391215476,1.7728121291136714,1.9032724667255008
LSTM,1,Persistence,0.18085092645691292,0.6630254200031709,0.813173271645506
LSTM,1,DampedPersistence,0.15005846670381573,0.6630254200031709,0.7893397408576391
LSTM,1,Climatology,0.6580132675906861,0.6630254200031709,1.8991719069182085
LSTM,3,Persistence,0.1720476452557223,1.3576050246193827,1.6375577264367185
LSTM,3,DampedPersistence,0.05520945482797279,1.3576050246193827,1.4538841678832246
LSTM,3,Climatology,0.2688067500551296,1.3576050246193827,1.9016346963047797
LSTM,7,Persistence,0.24412458568546874,1.7122487506947952,2.201650788662053
LSTM,7,DampedPersistence,0.0281981064405335,1.7122487506947952,1.7728121291136714
LSTM,7,Climatology,0.076674743771047,1.7122487506947952,1.9032724667255008
LSTM-ext,1,Persistence,0.1860998989009734,0.6504190438809783,0.813173271645506
LSTM-ext,1,DampedPersistence,0.15402811345818163,0.6504190438809783,0.7893397408576391
LSTM-ext,1,Climatology,0.6638310009540502,0.6504190438809783,1.8991719069182085
LSTM-ext,3,Persistence,0.14520843136641198,1.3934121197464573,1.6375577264367185
LSTM-ext,3,DampedPersistence,0.038277014754652894,1.3934121197464573,1.4538841678832246
LSTM-ext,3,Climatology,0.24742678578308397,1.3934121197464573,1.9016346963047797
LSTM-ext,7,Persistence,0.20357669061380845,1.8115873748698368,2.201650788662053
LSTM-ext,7,DampedPersistence,-0.01975454305107127,1.8115873748698368,1.7728121291136714
LSTM-ext,7,Climatology,0.024076174447192122,1.8115873748698368,1.9032724667255008
LightGBM,1,Persistence,0.2606667759730386,0.5891824395578037,0.813173271645506
LightGBM,1,DampedPersistence,0.2371751499186558,0.5891824395578037,0.7893397408576391
LightGBM,1,Climatology,0.7025794467583295,0.5891824395578037,1.8991719069182085
LightGBM,3,Persistence,0.1951648351704815,1.3036261307911041,1.6375577264367185
LightGBM,3,DampedPersistence,0.08149005889348204,1.3036261307911041,1.4538841678832246
LightGBM,3,Climatology,0.298462651363355,1.3036261307911041,1.9016346963047797
LightGBM,7,Persistence,0.24820484265444237,1.7346486203078126,2.201650788662053
LightGBM,7,DampedPersistence,0.030382808502268266,1.7346486203078126,1.7728121291136714
LightGBM,7,Climatology,0.09472054384742462,1.7346486203078126,1.9032724667255008
LightGBM-ext,1,Persistence,0.22060855846302263,0.6126943088195865,0.813173271645506
LightGBM-ext,1,DampedPersistence,0.1930148555996521,0.6126943088195865,0.7893397408576391
LightGBM-ext,1,Climatology,0.6841088586979139,0.6126943088195865,1.8991719069182085
LightGBM-ext,3,Persistence,0.15801475556569694,1.3462722014512791,1.6375577264367185
LightGBM-ext,3,DampedPersistence,0.04787583884241525,1.3462722014512791,1.4538841678832246
LightGBM-ext,3,Climatology,0.27033695984397643,1.3462722014512791,1.9016346963047797
LightGBM-ext,7,Persistence,0.20949085796870948,1.7838580667674475,2.201650788662053
LightGBM-ext,7,DampedPersistence,-0.012017033531778853,1.7838580667674475,1.7728121291136714
LightGBM-ext,7,Climatology,0.03513441269056278,1.7838580667674475,1.9032724667255008
Persistence,1,DampedPersistence,-0.03621663900022798,0.813173271645506,0.7893397408576391
Persistence,1,Climatology,0.5802898633923648,0.813173271645506,1.8991719069182085
Persistence,3,DampedPersistence,-0.1231957994083075,1.6375577264367185,1.4538841678832246
Persistence,3,Climatology,0.12560741755055504,1.6375577264367185,1.9016346963047797
Persistence,7,DampedPersistence,-0.2779828875876621,2.201650788662053,1.7728121291136714
Persistence,7,Climatology,-0.22098345519057383,2.201650788662053,1.9032724667255008
TR-fixedKappa,1,Persistence,0.20889349001395252,0.6351282403347654,0.813173271645506
TR-fixedKappa,1,DampedPersistence,0.17992131981669562,0.6351282403347654,0.7893397408576391
TR-fixedKappa,1,Climatology,0.6817334377184123,0.6351282403347654,1.8991719069182085
TR-fixedKappa,3,Persistence,0.18707505393349738,1.3325445240120337,1.6375577264367185
TR-fixedKappa,3,DampedPersistence,0.07514650088670305,1.3325445240120337,1.4538841678832246
TR-fixedKappa,3,Climatology,0.2802747367589035,1.3325445240120337,1.9016346963047797
TR-fixedKappa,7,Persistence,0.2501753148903834,1.6954630034577538,2.201650788662053
TR-fixedKappa,7,DampedPersistence,0.04126857367164227,1.6954630034577538,1.7728121291136714
TR-fixedKappa,7,Climatology,0.08594390209928204,1.6954630034577538,1.9032724667255008
TR-noDynamicPrior,1,Persistence,0.21242013849860453,0.634327737877413,0.813173271645506
TR-noDynamicPrior,1,DampedPersistence,0.18086987844873303,0.634327737877413,0.7893397408576391
TR-noDynamicPrior,1,Climatology,0.6809557476205248,0.634327737877413,1.8991719069182085
TR-noDynamicPrior,3,Persistence,0.1888870065655412,1.3274668652659967,1.6375577264367185
TR-noDynamicPrior,3,DampedPersistence,0.07692228046288602,1.3274668652659967,1.4538841678832246
TR-noDynamicPrior,3,Climatology,0.2752265168593947,1.3274668652659967,1.9016346963047797
TR-noDynamicPrior,7,Persistence,0.24769573049528848,1.7019978545998067,2.201650788662053
TR-noDynamicPrior,7,DampedPersistence,0.03804788103219092,1.7019978545998067,1.7728121291136714
TR-noDynamicPrior,7,Climatology,0.0821196214462272,1.7019978545998067,1.9032724667255008
TR-noMoE,1,Persistence,0.19895714073445214,0.6428758097300428,0.813173271645506
TR-noMoE,1,DampedPersistence,0.1686657832462753,0.6428758097300428,0.7893397408576391
TR-noMoE,1,Climatology,0.6737981530853699,0.6428758097300428,1.8991719069182085
TR-noMoE,3,Persistence,0.1815162522910153,1.3452857979926303,1.6375577264367185
TR-noMoE,3,DampedPersistence,0.07360586778654826,1.3452857979926303,1.4538841678832246
TR-noMoE,3,Climatology,0.2828441364189753,1.3452857979926303,1.9016346963047797
TR-noMoE,7,Persistence,0.2503783514993908,1.698205668542172,2.201650788662053
TR-noMoE,7,DampedPersistence,0.0363027280722521,1.698205668542172,1.7728121291136714
TR-noMoE,7,Climatology,0.0873318366487521,1.698205668542172,1.9032724667255008
TR-noRouter,1,Persistence,0.20181236117595353,0.6423972680214762,0.813173271645506
TR-noRouter,1,DampedPersistence,0.1722314082298499,0.6423972680214762,0.7893397408576391
TR-noRouter,1,Climatology,0.6712637603371612,0.6423972680214762,1.8991719069182085
TR-noRouter,3,Persistence,0.17970644188617557,1.3415083771626608,1.6375577264367185
TR-noRouter,3,DampedPersistence,0.07247756474029127,1.3415083771626608,1.4538841678832246
TR-noRouter,3,Climatology,0.2770166415193884,1.3415083771626608,1.9016346963047797
TR-noRouter,7,Persistence,0.24977595342717118,1.694414541864623,2.201650788662053
TR-noRouter,7,DampedPersistence,0.03810368841562772,1.694414541864623,1.7728121291136714
TR-noRouter,7,Climatology,0.08798269198068004,1.694414541864623,1.9032724667255008
TR-noTCN,1,Persistence,0.17594865635421159,0.6670761140856203,0.813173271645506
TR-noTCN,1,DampedPersistence,0.1411409110012105,0.6670761140856203,0.7893397408576391
TR-noTCN,1,Climatology,0.6552979926087241,0.6670761140856203,1.8991719069182085
TR-noTCN,3,Persistence,0.16725416731868753,1.356835790801255,1.6375577264367185
TR-noTCN,3,DampedPersistence,0.0577180704988558,1.356835790801255,1.4538841678832246
TR-noTCN,3,Climatology,0.25722220778981003,1.356835790801255,1.9016346963047797
TR-noTCN,7,Persistence,0.2404039571871539,1.7325862904384146,2.201650788662053
TR-noTCN,7,DampedPersistence,0.030455924689008984,1.7325862904384146,1.7728121291136714
TR-noTCN,7,Climatology,0.07639946767618594,1.7325862904384146,1.9032724667255008
TR-unbounded,1,Persistence,0.20413042666619707,0.6342773556081507,0.813173271645506
TR-unbounded,1,DampedPersistence,0.1762474352559637,0.6342773556081507,0.7893397408576391
TR-unbounded,1,Climatology,0.6773189506218382,0.6342773556081507,1.8991719069182085
TR-unbounded,3,Persistence,0.1890912059758904,1.332568726331198,1.6375577264367185
TR-unbounded,3,DampedPersistence,0.07586680630400283,1.332568726331198,1.4538841678832246
TR-unbounded,3,Climatology,0.2913691651585531,1.332568726331198,1.9016346963047797
TR-unbounded,7,Persistence,0.25215990224298734,1.6946215021728075,2.201650788662053
TR-unbounded,7,DampedPersistence,0.04150258178037691,1.6946215021728075,1.7728121291136714
TR-unbounded,7,Climatology,0.09134826138878688,1.6946215021728075,1.9032724667255008
ThermoRoute,1,Persistence,0.20643532600361864,0.6396860472749766,0.813173271645506
ThermoRoute,1,DampedPersistence,0.17312201457137683,0.6396860472749766,0.7893397408576391
ThermoRoute,1,Climatology,0.6812376391984876,0.6396860472749766,1.8991719069182085
ThermoRoute,3,Persistence,0.18566486155520362,1.3371281756238176,1.6375577264367185
ThermoRoute,3,DampedPersistence,0.07657939905070771,1.3371281756238176,1.4538841678832246
ThermoRoute,3,Climatology,0.28017236203180956,1.3371281756238176,1.9016346963047797
ThermoRoute,7,Persistence,0.2496899406608487,1.6943056459387094,2.201650788662053
ThermoRoute,7,DampedPersistence,0.03818980085109841,1.6943056459387094,1.7728121291136714
ThermoRoute,7,Climatology,0.0866280264034821,1.6943056459387094,1.9032724667255008
ThermoRoute-ext,1,Persistence,0.21261714249772606,0.6360879339909069,0.813173271645506
ThermoRoute-ext,1,DampedPersistence,0.17836437934965454,0.6360879339909069,0.7893397408576391
ThermoRoute-ext,1,Climatology,0.6696366864253587,0.6360879339909069,1.8991719069182085
ThermoRoute-ext,3,Persistence,0.14547154789858036,1.3636695900138789,1.6375577264367185
ThermoRoute-ext,3,DampedPersistence,0.03445380650557173,1.3636695900138789,1.4538841678832246
ThermoRoute-ext,3,Climatology,0.24459954850651977,1.3636695900138789,1.9016346963047797
ThermoRoute-ext,7,Persistence,0.17988523810263735,1.8284299416410823,2.201650788662053
ThermoRoute-ext,7,DampedPersistence,-0.05179787100326694,1.8284299416410823,1.7728121291136714
ThermoRoute-ext,7,Climatology,0.003328769378204477,1.8284299416410823,1.9032724667255008
